date_id,day,month,year,quarter
1,8,7,1968,2
2,11,11,1968,3
3,21,7,1968,2
4,22,4,1968,1
5,8,2,1968,1
6,15,4,1968,1
7,13,8,1968,2
8,6,5,1968,2
9,7,7,1968,2
10,14,9,1968,3
11,7,6,1968,2
12,27,5,1968,2
13,24,6,1968,2
14,29,8,1968,2
15,19,1,1968,1
16,27,4,1968,1
17,26,12,1968,3
18,3,5,1968,2
19,24,5,1968,2
20,17,5,1968,2
21,11,5,1968,2
22,29,3,1968,1
23,28,4,1968,1
24,14,6,1968,2
25,19,7,1968,2
26,16,8,1968,2
27,2,5,1968,2
28,4,10,1968,3
29,26,4,1968,1
30,21,9,1968,3
31,9,11,1968,3
32,23,5,1968,2
33,13,6,1968,2
34,23,3,1968,1
35,10,5,1968,2
36,20,3,1968,1
37,5,5,1968,2
38,17,6,1968,2
39,8,1,1968,1
40,14,1,1968,1
41,30,12,1968,3
42,20,2,1968,1
43,31,1,1968,1
44,12,2,1968,1
45,9,2,1968,1
46,2,2,1968,1
47,20,1,1968,1
48,13,2,1968,1
49,16,2,1968,1
50,25,3,1968,1
51,11,3,1968,1
52,4,3,1968,1
53,26,2,1968,1
54,18,3,1968,1
55,1,2,1968,1
56,27,2,1968,1
57,22,3,1968,1
58,27,3,1968,1
59,1,4,1968,1
60,8,4,1968,1
61,28,3,1968,1
62,5,4,1968,1
63,10,4,1968,1
64,21,11,1968,3
65,22,7,1968,2
66,31,7,1968,2
67,17,8,1968,2
68,12,6,1968,2
69,12,8,1968,2
70,22,9,1968,3
71,15,11,1968,3
72,15,8,1968,2
73,29,5,1968,2
74,17,7,1968,2
75,27,9,1968,3
76,29,7,1968,2
77,15,7,1968,2
78,23,11,1968,3
79,10,6,1968,2
80,28,11,1968,3
81,27,12,1968,3
82,15,5,1968,2
83,9,8,1968,2
84,5,8,1968,2
85,16,4,1968,1
86,17,4,1968,1
87,20,4,1968,1
88,4,5,1968,2
89,31,5,1968,2
90,26,7,1968,2
91,1,8,1968,2
92,26,9,1968,3
93,2,10,1968,3
94,6,10,1968,3
95,9,10,1968,3
96,10,10,1968,3
97,11,10,1968,3
98,16,10,1968,3
99,21,10,1968,3
100,27,10,1968,3
101,31,10,1968,3
102,7,11,1968,3
103,7,12,1968,3
104,9,12,1968,3
105,29,4,1968,1
106,20,8,1968,2
107,1,1,1968,1
108,3,6,1968,2
109,28,12,1967,3
110,2,1,1968,1
111,22,1,1968,1
112,10,2,1968,1
113,28,2,1968,1
114,2,3,1968,1
115,25,7,1968,2
116,19,8,1968,2
117,28,10,1968,3
118,21,1,1968,1
119,6,6,1968,2
120,22,6,1968,2
121,10,7,1968,2
122,11,8,1968,2
123,18,8,1968,2
124,1,9,1968,3
125,8,9,1968,3
126,13,9,1968,3
127,16,9,1968,3
128,1,10,1968,3
129,8,12,1968,3
130,1,1,1969,1
131,22,8,1968,2
132,7,7,1969,2
133,24,3,1969,1
134,14,4,1969,1
135,29,1,1969,1
136,11,11,1969,3
137,16,6,1969,2
138,27,7,1969,2
139,3,8,1969,2
140,13,1,1969,1
141,6,1,1969,1
142,28,4,1969,1
143,3,3,1969,1
144,10,3,1969,1
145,9,6,1969,2
146,5,2,1969,1
147,12,5,1969,2
148,15,4,1969,1
149,6,10,1969,3
150,21,5,1969,2
151,16,8,1969,2
152,14,7,1969,2
153,20,9,1969,3
154,4,4,1969,1
155,24,11,1969,3
156,17,11,1969,3
157,28,5,1969,2
158,23,6,1969,2
159,27,8,1969,2
160,20,1,1969,1
161,21,7,1969,2
162,2,5,1969,2
163,23,5,1969,2
164,9,5,1969,2
165,14,6,1969,2
166,16,5,1969,2
167,31,7,1969,2
168,19,7,1969,2
169,3,5,1969,2
170,28,3,1969,1
171,13,6,1969,2
172,4,5,1969,2
173,10,5,1969,2
174,12,6,1969,2
175,22,5,1969,2
176,14,8,1969,2
177,17,7,1969,2
178,24,5,1969,2
179,1,3,1969,1
180,1,8,1969,2
181,25,3,1969,1
182,24,4,1969,1
183,18,4,1969,1
184,18,7,1969,2
185,19,9,1969,3
186,13,11,1969,3
187,11,8,1969,2
188,26,1,1969,1
189,2,4,1969,1
190,17,2,1969,1
191,18,10,1969,3
192,10,2,1969,1
193,21,4,1969,1
194,17,10,1969,3
195,12,9,1969,3
196,4,8,1969,2
197,29,9,1969,3
198,7,4,1969,1
199,13,8,1969,2
200,26,5,1969,2
201,13,2,1969,1
202,31,3,1969,1
203,17,3,1969,1
204,3,10,1969,3
205,28,7,1969,2
206,7,11,1969,3
207,31,1,1969,1
208,8,9,1969,3
209,24,2,1969,1
210,19,5,1969,2
211,26,12,1969,3
212,23,2,1969,1
213,1,5,1969,2
214,15,5,1969,2
215,30,7,1969,2
216,8,8,1969,2
217,20,8,1969,2
218,25,4,1969,1
219,21,8,1969,2
220,1,12,1969,3
221,1,2,1969,1
222,8,2,1969,1
223,9,7,1969,2
224,6,7,1970,2
225,17,8,1970,2
226,29,9,1970,3
227,15,6,1970,2
228,5,7,1970,2
229,7,6,1970,2
230,25,2,1970,1
231,18,10,1970,3
232,6,4,1970,1
233,8,11,1970,3
234,8,6,1970,2
235,18,7,1970,2
236,11,7,1970,2
237,2,8,1970,2
238,26,4,1970,1
239,9,11,1970,3
240,21,4,1970,1
241,16,3,1970,1
242,2,2,1970,1
243,12,5,1970,2
244,13,4,1970,1
245,6,5,1970,2
246,13,5,1970,2
247,16,5,1970,2
248,9,8,1970,2
249,27,7,1970,2
250,12,8,1970,2
251,20,7,1970,2
252,19,9,1970,3
253,28,9,1970,3
254,3,10,1970,3
255,24,3,1970,1
256,1,11,1970,3
257,16,11,1970,3
258,15,4,1970,1
259,1,5,1970,2
260,22,6,1970,2
261,2,9,1970,3
262,19,1,1970,1
263,9,12,1970,3
264,3,6,1970,2
265,19,8,1970,2
266,2,3,1970,1
267,4,3,1970,1
268,12,2,1970,1
269,20,2,1970,1
270,29,3,1970,1
271,13,7,1970,2
272,19,7,1970,2
273,8,10,1970,3
274,15,10,1970,3
275,1,9,1970,3
276,13,2,1970,1
277,9,3,1970,1
278,20,3,1970,1
279,3,5,1970,2
280,17,4,1970,1
281,3,4,1970,1
282,22,5,1970,2
283,7,5,1970,2
284,12,6,1970,2
285,5,4,1970,1
286,14,6,1970,2
287,22,3,1970,1
288,8,5,1970,2
289,6,6,1970,2
290,13,6,1970,2
291,4,4,1970,1
292,11,4,1970,1
293,14,8,1970,2
294,16,7,1970,2
295,1,8,1970,2
296,14,7,1970,2
297,29,8,1970,2
298,14,3,1970,1
299,28,3,1970,1
300,10,4,1970,1
301,11,6,1970,2
302,12,11,1970,3
303,28,1,1970,1
304,25,3,1970,1
305,9,2,1970,1
306,26,1,1970,1
307,7,10,1970,3
308,10,1,1970,1
309,19,12,1970,3
310,11,5,1970,2
311,23,3,1970,1
312,26,12,1970,3
313,4,1,1970,1
314,26,8,1970,2
315,3,8,1970,2
316,1,6,1970,2
317,15,2,1970,1
318,15,5,1971,2
319,3,5,1971,2
320,5,7,1971,2
321,22,8,1971,2
322,27,1,1971,1
323,1,8,1971,2
324,14,4,1971,1
325,10,10,1971,3
326,14,6,1971,2
327,10,7,1971,2
328,24,7,1971,2
329,14,2,1971,1
330,7,4,1971,1
331,25,4,1971,1
332,1,3,1971,1
333,29,3,1971,1
334,22,3,1971,1
335,7,3,1971,1
336,1,12,1971,3
337,14,11,1971,3
338,7,6,1971,2
339,3,8,1971,2
340,19,7,1971,2
341,18,4,1971,1
342,17,10,1971,3
343,21,3,1971,1
344,22,5,1971,2
345,8,11,1971,3
346,21,2,1971,1
347,1,5,1971,2
348,21,4,1971,1
349,23,1,1971,1
350,9,2,1971,1
351,20,4,1971,1
352,5,4,1971,1
353,17,5,1971,2
354,8,8,1971,2
355,17,7,1971,2
356,10,8,1971,2
357,2,8,1971,2
358,20,9,1971,3
359,27,9,1971,3
360,18,10,1971,3
361,1,11,1971,3
362,21,5,1971,2
363,21,6,1971,2
364,1,9,1971,3
365,4,12,1971,3
366,18,11,1971,3
367,30,3,1971,1
368,4,4,1971,1
369,24,9,1971,3
370,10,1,1971,1
371,9,8,1971,2
372,27,8,1971,2
373,7,2,1971,1
374,28,4,1971,1
375,13,12,1971,3
376,24,4,1971,1
377,24,3,1971,1
378,30,4,1971,1
379,24,5,1971,2
380,9,4,1971,1
381,20,3,1971,1
382,27,3,1971,1
383,3,4,1971,1
384,23,4,1971,1
385,14,5,1971,2
386,22,4,1971,1
387,16,4,1971,1
388,21,8,1971,2
389,28,5,1971,2
390,7,5,1971,2
391,19,3,1971,1
392,26,3,1971,1
393,11,6,1971,2
394,16,7,1971,2
395,10,6,1971,2
396,2,4,1971,1
397,6,5,1971,2
398,8,5,1971,2
399,4,6,1971,2
400,13,5,1971,2
401,8,10,1971,3
402,31,5,1971,2
403,28,3,1971,1
404,4,2,1971,1
405,6,12,1971,3
406,18,1,1971,1
407,18,11,1972,3
408,21,1,1972,1
409,16,4,1972,1
410,10,7,1972,2
411,27,8,1972,2
412,1,2,1972,1
413,17,9,1972,3
414,16,1,1973,1
415,22,10,1972,3
416,23,6,1972,2
417,30,7,1972,2
418,1,10,1972,3
419,29,10,1972,3
420,26,11,1972,3
421,14,2,1972,1
422,28,2,1972,1
423,6,2,1972,1
424,22,1,1972,1
425,28,3,1972,1
426,2,12,1972,3
427,20,2,1972,1
428,1,12,1972,3
429,24,6,1972,2
430,17,6,1972,2
431,16,7,1972,2
432,22,7,1972,2
433,13,8,1972,2
434,3,12,1972,3
435,3,1,1972,1
436,23,7,1972,2
437,17,3,1972,1
438,13,5,1972,2
439,30,4,1972,1
440,8,2,1972,1
441,9,4,1972,1
442,14,5,1972,2
443,13,11,1972,3
444,27,3,1972,1
445,1,5,1972,2
446,5,6,1972,2
447,24,4,1972,1
448,6,7,1972,2
449,12,7,1972,2
450,7,8,1972,2
451,14,8,1972,2
452,31,7,1972,2
453,18,9,1972,3
454,25,9,1972,3
455,23,10,1972,3
456,4,11,1972,3
457,23,4,1972,1
458,5,11,1972,3
459,22,5,1972,2
460,26,6,1972,2
461,30,8,1972,2
462,26,12,1971,3
463,28,11,1972,3
464,10,5,1972,2
465,17,4,1972,1
466,1,7,1972,2
467,20,8,1972,2
468,5,3,1972,1
469,25,7,1972,2
470,29,7,1972,2
471,6,10,1972,3
472,9,7,1972,2
473,1,9,1972,3
474,6,3,1972,1
475,16,1,1972,1
476,21,3,1972,1
477,30,10,1972,3
478,9,1,1972,1
479,16,3,1972,1
480,5,10,1972,3
481,13,12,1972,3
482,9,3,1972,1
483,4,12,1972,3
484,29,3,1972,1
485,5,5,1972,2
486,8,4,1972,1
487,16,5,1972,2
488,28,4,1972,1
489,14,4,1972,1
490,4,8,1972,2
491,21,4,1972,1
492,24,3,1972,1
493,12,5,1972,2
494,20,3,1972,1
495,21,7,1972,2
496,19,5,1972,2
497,11,5,1972,2
498,14,6,1972,2
499,20,5,1972,2
500,16,6,1972,2
501,1,4,1972,1
502,18,5,1972,2
503,10,11,1972,3
504,9,6,1972,2
505,4,5,1972,2
506,13,10,1972,3
507,11,12,1972,3
508,12,6,1972,2
509,17,1,1972,1
510,1,8,1972,2
511,17,11,1973,3
512,19,1,1973,1
513,23,4,1973,1
514,9,7,1973,2
515,19,8,1973,2
516,18,11,1973,3
517,24,1,1973,1
518,9,3,1973,1
519,12,2,1973,1
520,7,2,1973,1
521,16,9,1973,3
522,7,10,1973,3
523,21,10,1973,3
524,4,11,1973,3
525,1,4,1973,1
526,23,6,1973,2
527,12,8,1973,2
528,4,2,1973,1
529,14,4,1973,1
530,18,1,1973,1
531,4,6,1973,2
532,2,4,1973,1
533,8,1,1973,1
534,11,2,1973,1
535,25,11,1973,3
536,15,4,1973,1
537,23,7,1973,2
538,30,4,1973,1
539,17,6,1973,2
540,16,7,1973,2
541,9,4,1973,1
542,8,10,1973,3
543,19,2,1973,1
544,29,10,1973,3
545,1,1,1973,1
546,5,8,1973,2
547,6,5,1973,2
548,11,6,1973,2
549,28,10,1973,3
550,6,2,1973,1
551,29,1,1973,1
552,30,9,1973,3
553,19,3,1973,1
554,14,5,1973,2
555,2,6,1973,2
556,13,8,1973,2
557,20,8,1973,2
558,6,8,1973,2
559,17,9,1973,3
560,24,9,1973,3
561,27,11,1973,3
562,11,11,1973,3
563,16,4,1973,1
564,21,5,1973,2
565,25,6,1973,2
566,29,8,1973,2
567,26,12,1972,3
568,4,12,1973,3
569,9,5,1973,2
570,17,1,1973,1
571,26,3,1973,1
572,22,3,1973,1
573,3,3,1973,1
574,15,1,1973,1
575,12,3,1973,1
576,22,1,1973,1
577,3,1,1973,1
578,26,2,1973,1
579,12,12,1973,3
580,19,9,1973,3
581,4,5,1973,2
582,23,3,1973,1
583,23,2,1973,1
584,13,4,1973,1
585,20,4,1973,1
586,16,11,1973,3
587,30,11,1973,3
588,14,12,1973,3
589,18,5,1973,2
590,19,10,1973,3
591,23,11,1973,3
592,3,8,1973,2
593,7,12,1973,3
594,5,10,1973,3
595,20,7,1973,2
596,27,4,1973,1
597,3,5,1973,2
598,28,12,1973,3
599,17,12,1973,3
600,11,5,1973,2
601,6,4,1973,1
602,17,8,1973,2
603,2,3,1973,1
604,5,3,1973,1
605,19,11,1973,3
606,10,9,1973,3
607,20,3,1973,1
608,27,3,1974,1
609,4,2,1974,1
610,16,11,1974,3
611,27,10,1974,3
612,18,2,1974,1
613,17,1,1974,1
614,14,7,1974,2
615,25,8,1974,2
616,15,9,1974,3
617,31,3,1974,1
618,7,4,1974,1
619,22,1,1974,1
620,3,3,1974,1
621,17,3,1974,1
622,24,3,1974,1
623,24,11,1974,3
624,7,1,1974,1
625,11,2,1974,1
626,15,5,1974,2
627,13,10,1974,3
628,12,5,1974,2
629,8,7,1974,2
630,21,7,1974,2
631,6,10,1974,3
632,8,4,1974,1
633,21,10,1974,3
634,4,11,1974,3
635,28,10,1974,3
636,31,12,1973,3
637,19,8,1974,2
638,26,5,1974,2
639,17,6,1974,2
640,24,2,1974,1
641,22,4,1974,1
642,21,1,1974,1
643,25,3,1974,1
644,22,7,1974,2
645,13,5,1974,2
646,20,5,1974,2
647,26,8,1974,2
648,23,7,1974,2
649,5,8,1974,2
650,12,8,1974,2
651,31,7,1974,2
652,17,9,1974,3
653,23,9,1974,3
654,14,10,1974,3
655,15,4,1974,1
656,20,10,1974,3
657,3,11,1974,3
658,3,6,1974,2
659,24,6,1974,2
660,28,8,1974,2
661,26,12,1973,3
662,10,12,1974,3
663,8,5,1974,2
664,10,3,1974,1
665,9,7,1974,2
666,14,1,1974,1
667,11,3,1974,1
668,30,1,1974,1
669,1,6,1974,2
670,30,3,1974,1
671,2,12,1974,3
672,29,1,1974,1
673,7,3,1974,1
674,16,12,1974,3
675,1,5,1974,2
676,20,12,1974,3
677,15,11,1974,3
678,10,5,1974,2
679,3,5,1974,2
680,22,3,1974,1
681,19,4,1974,1
682,13,9,1974,3
683,13,12,1974,3
684,27,9,1974,3
685,4,10,1974,3
686,11,10,1974,3
687,8,3,1974,1
688,11,1,1974,1
689,4,1,1974,1
690,4,5,1974,2
691,19,7,1974,2
692,26,9,1974,3
693,12,4,1974,1
694,5,4,1974,1
695,20,9,1974,3
696,23,8,1974,2
697,2,8,1974,2
698,3,10,1974,3
699,6,12,1974,3
700,26,4,1974,1
701,12,9,1974,3
702,31,10,1974,3
703,24,5,1974,2
704,29,11,1974,3
705,17,5,1974,2
706,26,7,1974,2
707,4,3,1974,1
708,10,6,1974,2
709,29,10,1974,3
710,23,2,1975,1
711,3,2,1975,1
712,26,10,1975,3
713,21,9,1975,3
714,15,11,1975,3
715,13,1,1975,1
716,29,1,1975,1
717,24,2,1975,1
718,4,3,1975,1
719,17,3,1975,1
720,27,4,1975,1
721,20,7,1975,2
722,5,10,1975,3
723,3,4,1975,1
724,3,3,1975,1
725,10,3,1975,1
726,17,11,1975,3
727,17,2,1975,1
728,7,4,1975,1
729,12,1,1975,1
730,10,2,1975,1
731,10,11,1975,3
732,28,4,1975,1
733,7,5,1975,2
734,12,10,1975,3
735,6,2,1975,1
736,7,7,1975,2
737,13,7,1975,2
738,9,2,1975,1
739,2,11,1975,3
740,6,10,1975,3
741,21,12,1975,3
742,12,8,1975,2
743,12,5,1975,2
744,16,6,1975,2
745,27,10,1975,3
746,14,4,1975,1
747,20,1,1975,1
748,24,3,1975,1
749,23,3,1975,1
750,19,5,1975,2
751,25,5,1975,2
752,18,8,1975,2
753,21,7,1975,2
754,4,8,1975,2
755,11,8,1975,2
756,29,7,1975,2
757,15,9,1975,3
758,26,9,1975,3
759,13,10,1975,3
760,11,4,1975,1
761,19,10,1975,3
762,6,11,1975,3
763,21,4,1975,1
764,4,6,1975,2
765,23,6,1975,2
766,27,8,1975,2
767,21,12,1974,3
768,30,11,1975,3
769,29,9,1975,3
770,26,3,1975,1
771,11,3,1975,1
772,20,4,1975,1
773,5,8,1975,2
774,28,1,1975,1
775,31,3,1975,1
776,27,1,1975,1
777,18,1,1975,1
778,6,3,1975,1
779,26,5,1975,2
780,26,12,1975,3
781,31,10,1975,3
782,10,1,1975,1
783,28,2,1975,1
784,2,5,1975,2
785,9,5,1975,2
786,19,12,1975,3
787,17,10,1975,3
788,28,11,1975,3
789,7,11,1975,3
790,18,7,1975,2
791,19,9,1975,3
792,16,5,1975,2
793,25,7,1975,2
794,20,6,1975,2
795,23,5,1975,2
796,5,9,1975,3
797,1,10,1975,3
798,17,1,1975,1
799,10,10,1975,3
800,2,10,1975,3
801,22,8,1975,2
802,31,1,1975,1
803,12,9,1975,3
804,20,10,1975,3
805,10,5,1975,2
806,10,7,1976,2
807,4,10,1976,3
808,13,9,1976,3
809,11,10,1976,3
810,1,11,1976,3
811,22,11,1976,3
812,10,2,1976,1
813,30,3,1976,1
814,15,11,1976,3
815,25,10,1976,3
816,5,4,1976,1
817,2,2,1976,1
818,14,6,1976,2
819,4,4,1976,1
820,9,3,1976,1
821,31,12,1975,3
822,4,5,1976,2
823,25,4,1976,1
824,3,5,1976,2
825,4,7,1976,2
826,16,9,1976,3
827,13,7,1976,2
828,18,7,1976,2
829,29,1,1976,1
830,1,3,1976,1
831,7,11,1976,3
832,26,12,1976,3
833,9,8,1976,2
834,5,1,1976,1
835,10,5,1976,2
836,15,6,1976,2
837,14,2,1976,1
838,4,12,1976,3
839,20,4,1976,1
840,2,12,1976,3
841,15,2,1976,1
842,26,1,1976,1
843,6,4,1976,1
844,23,2,1976,1
845,13,4,1976,1
846,14,1,1976,1
847,17,5,1976,2
848,24,5,1976,2
849,23,8,1976,2
850,26,7,1976,2
851,17,8,1976,2
852,12,7,1976,2
853,20,9,1976,3
854,27,9,1976,3
855,18,10,1976,3
856,23,11,1976,3
857,18,4,1976,1
858,18,1,1976,1
859,31,5,1976,2
860,21,6,1976,2
861,1,9,1976,3
862,5,12,1976,3
863,20,1,1976,1
864,24,2,1976,1
865,17,2,1976,1
866,22,4,1976,1
867,17,3,1976,1
868,10,3,1976,1
869,8,3,1976,1
870,28,3,1976,1
871,22,5,1976,2
872,7,1,1976,1
873,2,8,1976,2
874,12,1,1976,1
875,8,8,1976,2
876,15,3,1976,1
877,8,2,1976,1
878,22,3,1976,1
879,4,2,1976,1
880,16,3,1976,1
881,25,1,1976,1
882,4,3,1976,1
883,25,8,1976,2
884,17,12,1976,3
885,5,3,1976,1
886,12,11,1976,3
887,9,1,1976,1
888,24,9,1976,3
889,27,2,1976,1
890,30,4,1976,1
891,17,9,1976,3
892,30,10,1976,3
893,29,10,1976,3
894,3,11,1976,3
895,26,4,1976,1
896,8,10,1976,3
897,22,10,1976,3
898,14,5,1976,2
899,1,1,1976,1
900,23,7,1976,2
901,28,8,1976,2
902,8,7,1976,2
903,5,8,1976,2
904,20,5,1976,2
905,2,4,1976,1
906,13,8,1976,2
907,10,12,1976,3
908,16,1,1976,1
909,16,7,1976,2
910,21,5,1976,2
911,15,10,1976,3
912,1,10,1976,3
913,12,10,1976,3
914,12,1,1977,1
915,11,7,1977,2
916,28,11,1977,3
917,19,9,1977,3
918,14,3,1977,1
919,11,4,1977,1
920,3,10,1977,3
921,21,11,1977,3
922,5,12,1977,3
923,15,2,1977,1
924,14,9,1977,3
925,17,9,1977,3
926,21,3,1977,1
927,24,10,1977,3
928,8,3,1977,1
929,28,3,1977,1
930,13,6,1977,2
931,10,1,1977,1
932,16,2,1977,1
933,26,4,1977,1
934,10,10,1977,3
935,18,4,1977,1
936,3,7,1977,2
937,4,7,1977,2
938,12,7,1977,2
939,25,10,1977,3
940,31,10,1977,3
941,7,11,1977,3
942,12,12,1977,3
943,26,9,1977,3
944,8,8,1977,2
945,28,2,1977,1
946,6,6,1977,2
947,14,2,1977,1
948,14,11,1977,3
949,10,4,1977,1
950,24,1,1977,1
951,4,4,1977,1
952,9,5,1977,2
953,16,5,1977,2
954,23,8,1977,2
955,18,7,1977,2
956,16,8,1977,2
957,17,10,1977,3
958,6,11,1977,3
959,19,4,1977,1
960,23,5,1977,2
961,20,6,1977,2
962,31,8,1977,2
963,1,1,1977,1
964,19,12,1977,3
965,4,1,1978,1
966,10,5,1977,2
967,31,1,1977,1
968,25,7,1977,2
969,7,2,1977,1
970,31,7,1977,2
971,2,2,1977,1
972,14,4,1977,1
973,21,2,1977,1
974,29,12,1977,3
975,17,1,1977,1
976,10,3,1977,1
977,10,8,1977,2
978,18,3,1977,1
979,28,4,1977,1
980,21,1,1977,1
981,2,12,1977,3
982,11,2,1977,1
983,22,4,1977,1
984,6,5,1977,2
985,16,9,1977,3
986,9,12,1977,3
987,4,11,1977,3
988,18,12,1977,3
989,15,12,1977,3
990,1,11,1977,3
991,1,4,1977,1
992,23,7,1977,2
993,29,7,1977,2
994,19,3,1977,1
995,9,6,1977,2
996,15,7,1977,2
997,21,10,1977,3
998,1,10,1977,3
999,28,10,1977,3
1000,27,8,1977,2
1001,15,4,1977,1
1002,7,10,1977,3
1003,25,4,1977,1
1004,9,1,1978,1
1005,20,1,1978,1
1006,5,3,1978,1
1007,12,3,1978,1
1008,3,4,1978,1
1009,19,6,1978,2
1010,16,4,1978,1
1011,25,9,1978,3
1012,26,11,1978,3
1013,17,4,1978,1
1014,23,5,1978,2
1015,8,10,1978,3
1016,21,5,1978,2
1017,28,11,1978,3
1018,10,7,1978,2
1019,17,7,1978,2
1020,24,7,1978,2
1021,20,8,1978,2
1022,2,10,1978,3
1023,9,10,1978,3
1024,24,10,1978,3
1025,23,10,1978,3
1026,30,10,1978,3
1027,13,11,1978,3
1028,29,10,1978,3
1029,24,12,1978,3
1030,7,8,1978,2
1031,24,9,1978,3
1032,14,8,1978,2
1033,19,11,1978,3
1034,4,12,1978,3
1035,20,11,1978,3
1036,20,2,1978,1
1037,12,12,1978,3
1038,23,1,1978,1
1039,27,2,1978,1
1040,13,2,1978,1
1041,12,6,1978,2
1042,27,3,1978,1
1043,10,4,1978,1
1044,21,8,1978,2
1045,24,4,1978,1
1046,15,5,1978,2
1047,22,5,1978,2
1048,23,7,1978,2
1049,18,9,1978,3
1050,22,10,1978,3
1051,31,10,1978,3
1052,6,11,1978,3
1053,14,11,1978,3
1054,29,5,1978,2
1055,26,6,1978,2
1056,29,8,1978,2
1057,26,12,1978,3
1058,10,1,1979,1
1059,9,5,1978,2
1060,8,5,1978,2
1061,12,2,1978,1
1062,5,2,1978,1
1063,30,7,1978,2
1064,20,3,1978,1
1065,31,7,1978,2
1066,29,1,1978,1
1067,13,3,1978,1
1068,30,4,1978,1
1069,6,8,1978,2
1070,2,4,1978,1
1071,18,6,1978,2
1072,30,1,1978,1
1073,22,1,1978,1
1074,9,3,1978,1
1075,17,3,1978,1
1076,27,10,1978,3
1077,6,10,1978,3
1078,24,2,1978,1
1079,16,6,1978,2
1080,15,9,1978,3
1081,1,11,1978,3
1082,8,12,1978,3
1083,22,9,1978,3
1084,14,7,1978,2
1085,13,7,1978,2
1086,5,12,1978,3
1087,3,11,1978,3
1088,19,1,1978,1
1089,1,8,1978,2
1090,13,6,1978,2
1091,10,2,1979,1
1092,23,7,1979,2
1093,30,8,1979,2
1094,19,11,1979,3
1095,26,2,1979,1
1096,9,4,1979,1
1097,16,4,1979,1
1098,18,6,1979,2
1099,2,1,1979,1
1100,19,3,1979,1
1101,2,4,1979,1
1102,22,5,1979,2
1103,24,9,1979,3
1104,14,5,1979,2
1105,11,6,1979,2
1106,9,7,1979,2
1107,16,7,1979,2
1108,13,8,1979,2
1109,1,10,1979,3
1110,17,9,1979,3
1111,9,10,1979,3
1112,15,10,1979,3
1113,22,10,1979,3
1114,8,10,1979,3
1115,29,10,1979,3
1116,12,11,1979,3
1117,5,11,1979,3
1118,17,12,1979,3
1119,10,12,1979,3
1120,6,8,1979,2
1121,26,3,1979,1
1122,26,11,1979,3
1123,19,2,1979,1
1124,4,12,1979,3
1125,22,1,1979,1
1126,12,2,1979,1
1127,10,9,1979,3
1128,23,4,1979,1
1129,21,5,1979,2
1130,20,8,1979,2
1131,14,7,1979,2
1132,27,11,1979,3
1133,30,10,1979,3
1134,13,11,1979,3
1135,28,5,1979,2
1136,25,6,1979,2
1137,28,8,1979,2
1138,24,12,1979,3
1139,1,5,1979,2
1140,7,5,1979,2
1141,29,1,1979,1
1142,20,2,1979,1
1143,29,7,1979,2
1144,30,7,1979,2
1145,12,3,1979,1
1146,15,1,1979,1
1147,1,1,1979,1
1148,8,3,1979,1
1149,14,9,1979,3
1150,16,3,1979,1
1151,9,2,1979,1
1152,5,10,1979,3
1153,15,6,1979,2
1154,27,10,1979,3
1155,14,12,1979,3
1156,6,10,1979,3
1157,13,7,1979,2
1158,9,11,1979,3
1159,7,12,1979,3
1160,1,8,1979,2
1161,31,10,1979,3
1162,9,1,1980,1
1163,8,2,1980,1
1164,25,2,1980,1
1165,3,3,1980,1
1166,18,6,1980,2
1167,7,1,1980,1
1168,8,4,1980,1
1169,28,4,1980,1
1170,1,1,1980,1
1171,17,11,1980,3
1172,24,3,1980,1
1173,20,5,1980,2
1174,29,9,1980,3
1175,12,5,1980,2
1176,9,6,1980,2
1177,7,7,1980,2
1178,14,7,1980,2
1179,21,7,1980,2
1180,11,8,1980,2
1181,22,9,1980,3
1182,8,9,1980,3
1183,6,10,1980,3
1184,13,10,1980,3
1185,20,10,1980,3
1186,27,10,1980,3
1187,10,11,1980,3
1188,3,11,1980,3
1189,15,12,1980,3
1190,17,3,1980,1
1191,4,8,1980,2
1192,19,2,1980,1
1193,10,3,1980,1
1194,28,1,1980,1
1195,24,11,1980,3
1196,18,2,1980,1
1197,9,12,1980,3
1198,21,1,1980,1
1199,11,2,1980,1
1200,7,4,1980,1
1201,31,3,1980,1
1202,18,8,1980,2
1203,22,4,1980,1
1204,5,5,1980,2
1205,19,5,1980,2
1206,14,4,1980,1
1207,25,11,1980,3
1208,4,11,1980,3
1209,26,5,1980,2
1210,23,6,1980,2
1211,26,8,1980,2
1212,26,12,1980,3
1213,2,6,1980,2
1214,14,1,1981,1
1215,27,7,1980,2
1216,28,7,1980,2
1217,14,1,1980,1
1218,31,12,1979,3
1219,16,6,1980,2
1220,1,2,1980,1
1221,19,9,1980,3
1222,7,3,1980,1
1223,13,6,1980,2
1224,10,6,1980,2
1225,11,7,1980,2
1226,5,12,1980,3
1227,22,2,1980,1
1228,4,2,1980,1
1229,13,2,1981,1
1230,26,1,1981,1
1231,9,3,1981,1
1232,19,1,1981,1
1233,6,4,1981,1
1234,8,6,1981,2
1235,23,2,1981,1
1236,5,1,1981,1
1237,16,11,1981,3
1238,16,3,1981,1
1239,18,5,1981,2
1240,29,9,1981,3
1241,11,5,1981,2
1242,23,11,1981,3
1243,13,6,1981,2
1244,6,7,1981,2
1245,20,7,1981,2
1246,13,7,1981,2
1247,10,8,1981,2
1248,21,9,1981,3
1249,14,9,1981,3
1250,5,10,1981,3
1251,12,10,1981,3
1252,19,10,1981,3
1253,26,10,1981,3
1254,9,11,1981,3
1255,2,11,1981,3
1256,14,12,1981,3
1257,3,8,1981,2
1258,20,4,1981,1
1259,30,3,1981,1
1260,23,3,1981,1
1261,2,3,1981,1
1262,2,2,1981,1
1263,13,4,1981,1
1264,17,8,1981,2
1265,4,5,1981,2
1266,25,5,1981,2
1267,22,6,1981,2
1268,1,9,1981,3
1269,24,12,1981,3
1270,13,1,1982,1
1271,28,4,1981,1
1272,28,7,1981,2
1273,16,2,1981,1
1274,10,6,1981,2
1275,2,10,1981,3
1276,6,3,1981,1
1277,9,7,1981,2
1278,11,12,1981,3
1279,10,7,1981,2
1280,12,6,1981,2
1281,8,5,1981,2
1282,9,1,1981,1
1283,25,9,1981,3
1284,18,1,1982,1
1285,25,1,1982,1
1286,22,2,1982,1
1287,15,11,1982,3
1288,11,1,1982,1
1289,1,2,1982,1
1290,29,3,1982,1
1291,17,5,1982,2
1292,26,4,1982,1
1293,10,5,1982,2
1294,7,6,1982,2
1295,14,6,1982,2
1296,5,7,1982,2
1297,12,7,1982,2
1298,19,7,1982,2
1299,9,8,1982,2
1300,20,9,1982,3
1301,27,9,1982,3
1302,13,9,1982,3
1303,6,11,1982,3
1304,11,10,1982,3
1305,18,10,1982,3
1306,4,10,1982,3
1307,25,10,1982,3
1308,8,11,1982,3
1309,1,11,1982,3
1310,13,12,1982,3
1311,20,12,1982,3
1312,28,12,1982,3
1313,15,3,1982,1
1314,3,8,1982,2
1315,8,2,1982,1
1316,19,4,1982,1
1317,16,8,1982,2
1318,8,3,1982,1
1319,4,1,1982,1
1320,15,2,1982,1
1321,12,4,1982,1
1322,13,3,1982,1
1323,22,3,1982,1
1324,5,4,1982,1
1325,25,4,1982,1
1326,2,5,1982,2
1327,22,11,1982,3
1328,24,5,1982,2
1329,21,6,1982,2
1330,31,8,1982,2
1331,2,12,1982,3
1332,18,1,1983,1
1333,20,4,1982,1
1334,3,5,1982,2
1335,26,7,1982,2
1336,27,4,1982,1
1337,14,10,1982,3
1338,19,1,1982,1
1339,28,3,1982,1
1340,10,8,1982,2
1341,30,11,1982,3
1342,14,12,1982,3
1343,11,6,1982,2
1344,5,3,1982,1
1345,1,10,1982,3
1346,9,7,1982,2
1347,6,8,1982,2
1348,8,1,1982,1
1349,22,1,1982,1
1350,7,5,1982,2
1351,15,1,1982,1
1352,26,11,1982,3
1353,24,1,1983,1
1354,14,2,1983,1
1355,10,1,1983,1
1356,7,3,1983,1
1357,21,3,1983,1
1358,16,5,1983,2
1359,25,4,1983,1
1360,9,5,1983,2
1361,6,6,1983,2
1362,13,6,1983,2
1363,4,7,1983,2
1364,11,7,1983,2
1365,18,7,1983,2
1366,19,9,1983,3
1367,25,9,1983,3
1368,12,9,1983,3
1369,3,10,1983,3
1370,21,11,1983,3
1371,10,10,1983,3
1372,17,10,1983,3
1373,24,10,1983,3
1374,7,11,1983,3
1375,31,10,1983,3
1376,12,12,1983,3
1377,19,12,1983,3
1378,11,4,1983,1
1379,1,8,1983,2
1380,31,1,1983,1
1381,28,2,1983,1
1382,18,4,1983,1
1383,15,8,1983,2
1384,4,4,1983,1
1385,14,3,1983,1
1386,28,3,1983,1
1387,24,4,1983,1
1388,1,5,1983,2
1389,8,8,1983,2
1390,23,5,1983,2
1391,20,6,1983,2
1392,30,8,1983,2
1393,29,11,1983,3
1394,10,1,1984,1
1395,26,4,1983,1
1396,2,5,1983,2
1397,14,11,1983,3
1398,25,7,1983,2
1399,21,2,1983,1
1400,12,4,1983,1
1401,7,2,1983,1
1402,4,5,1983,2
1403,8,7,1983,2
1404,30,9,1983,3
1405,4,3,1983,1
1406,26,12,1983,3
1407,6,5,1983,2
1408,10,6,1983,2
1409,14,1,1983,1
1410,9,1,1984,1
1411,9,4,1984,1
1412,2,4,1984,1
1413,14,5,1984,2
1414,27,2,1984,1
1415,7,5,1984,2
1416,11,6,1984,2
1417,18,6,1984,2
1418,9,7,1984,2
1419,16,7,1984,2
1420,23,7,1984,2
1421,30,7,1984,2
1422,6,8,1984,2
1423,17,9,1984,3
1424,24,9,1984,3
1425,10,9,1984,3
1426,1,10,1984,3
1427,19,11,1984,3
1428,8,10,1984,3
1429,15,10,1984,3
1430,29,10,1984,3
1431,12,11,1984,3
1432,22,10,1984,3
1433,10,12,1984,3
1434,17,12,1984,3
1435,24,12,1984,3
1436,12,3,1984,1
1437,23,4,1984,1
1438,13,8,1984,2
1439,23,1,1984,1
1440,6,2,1984,1
1441,5,3,1984,1
1442,19,3,1984,1
1443,16,4,1984,1
1444,6,5,1984,2
1445,13,5,1984,2
1446,20,8,1984,2
1447,5,11,1984,3
1448,28,5,1984,2
1449,25,6,1984,2
1450,28,8,1984,2
1451,26,11,1984,3
1452,8,1,1985,1
1453,24,4,1984,1
1454,21,5,1984,2
1455,13,2,1984,1
1456,26,3,1984,1
1457,8,8,1984,2
1458,4,5,1984,2
1459,24,2,1984,1
1460,13,7,1984,2
1461,28,9,1984,3
1462,15,6,1984,2
1463,2,3,1984,1
1464,13,1,1984,1
1465,19,7,1984,2
1466,16,12,1984,3
1467,7,1,1985,1
1468,18,2,1985,1
1469,25,2,1985,1
1470,18,3,1985,1
1471,8,4,1985,1
1472,15,4,1985,1
1473,22,4,1985,1
1474,6,4,1985,1
1475,13,5,1985,2
1476,20,5,1985,2
1477,10,6,1985,2
1478,17,6,1985,2
1479,8,7,1985,2
1480,15,7,1985,2
1481,22,7,1985,2
1482,5,8,1985,2
1483,12,8,1985,2
1484,9,9,1985,3
1485,16,9,1985,3
1486,7,10,1985,3
1487,14,10,1985,3
1488,21,10,1985,3
1489,18,11,1985,3
1490,9,12,1985,3
1491,16,12,1985,3
1492,23,12,1985,3
1493,21,1,1985,1
1494,28,1,1985,1
1495,4,2,1985,1
1496,11,3,1985,1
1497,25,3,1985,1
1498,1,4,1985,1
1499,29,4,1985,1
1500,6,5,1985,2
1501,19,8,1985,2
1502,23,9,1985,3
1503,4,11,1985,3
1504,11,11,1985,3
1505,27,5,1985,2
1506,24,6,1985,2
1507,27,8,1985,2
1508,25,11,1985,3
1509,14,1,1986,1
1510,10,5,1985,2
1511,8,3,1985,1
1512,4,10,1985,3
1513,2,8,1985,2
1514,14,6,1985,2
1515,19,4,1985,1
1516,20,12,1985,3
1517,18,1,1985,1
1518,24,11,1986,3
1519,6,1,1986,1
1520,3,2,1986,1
1521,10,11,1986,3
1522,14,4,1986,1
1523,7,4,1986,1
1524,5,5,1986,2
1525,28,4,1986,1
1526,19,5,1986,2
1527,9,6,1986,2
1528,16,6,1986,2
1529,7,7,1986,2
1530,21,7,1986,2
1531,28,7,1986,2
1532,4,8,1986,2
1533,8,9,1986,3
1534,29,9,1986,3
1535,6,10,1986,3
1536,13,10,1986,3
1537,31,3,1986,1
1538,27,10,1986,3
1539,20,10,1986,3
1540,10,3,1986,1
1541,11,8,1986,2
1542,27,1,1986,1
1543,10,2,1986,1
1544,17,11,1986,3
1545,17,3,1986,1
1546,24,3,1986,1
1547,21,4,1986,1
1548,15,9,1986,3
1549,12,5,1986,2
1550,18,8,1986,2
1551,22,9,1986,3
1552,3,11,1986,3
1553,26,5,1986,2
1554,23,6,1986,2
1555,26,8,1986,2
1556,1,12,1986,3
1557,24,2,1986,1
1558,7,3,1986,1
1559,3,4,1986,1
1560,3,10,1986,3
1561,18,7,1986,2
1562,26,12,1986,3
1563,1,10,1986,3
1564,13,6,1986,2
1565,9,5,1986,2
1566,23,5,1986,2
1567,4,4,1986,1
1568,17,1,1986,1
1569,26,1,1987,1
1570,20,7,1987,2
1571,9,11,1987,3
1572,23,11,1987,3
1573,5,1,1987,1
1574,16,11,1987,3
1575,23,3,1987,1
1576,13,4,1987,1
1577,6,4,1987,1
1578,4,5,1987,2
1579,14,9,1987,3
1580,18,5,1987,2
1581,8,6,1987,2
1582,15,6,1987,2
1583,6,7,1987,2
1584,27,7,1987,2
1585,13,7,1987,2
1586,3,8,1987,2
1587,28,9,1987,3
1588,5,10,1987,3
1589,12,10,1987,3
1590,26,10,1987,3
1591,19,10,1987,3
1592,30,12,1986,3
1593,10,11,1987,3
1594,2,11,1987,3
1595,10,8,1987,2
1596,2,2,1987,1
1597,9,2,1987,1
1598,23,2,1987,1
1599,16,2,1987,1
1600,16,3,1987,1
1601,30,3,1987,1
1602,20,4,1987,1
1603,27,4,1987,1
1604,11,5,1987,2
1605,17,8,1987,2
1606,21,9,1987,3
1607,20,10,1987,3
1608,24,8,1987,2
1609,25,5,1987,2
1610,22,6,1987,2
1611,1,9,1987,3
1612,12,1,1987,1
1613,2,12,1987,3
1614,7,4,1987,1
1615,20,3,1987,1
1616,13,3,1987,1
1617,24,7,1987,2
1618,2,10,1987,3
1619,12,6,1987,2
1620,30,1,1987,1
1621,8,5,1987,2
1622,3,4,1987,1
1623,18,12,1987,3
1624,6,5,1987,2
1625,25,1,1988,1
1626,18,7,1988,2
1627,31,10,1988,3
1628,21,11,1988,3
1629,4,1,1988,1
1630,7,11,1988,3
1631,11,4,1988,1
1632,19,9,1988,3
1633,2,5,1988,2
1634,16,5,1988,2
1635,6,6,1988,2
1636,13,6,1988,2
1637,4,7,1988,2
1638,11,7,1988,2
1639,25,7,1988,2
1640,15,8,1988,2
1641,1,8,1988,2
1642,26,9,1988,3
1643,4,10,1988,3
1644,10,10,1988,3
1645,17,10,1988,3
1646,28,12,1987,3
1647,22,2,1988,1
1648,24,10,1988,3
1649,8,8,1988,2
1650,8,2,1988,1
1651,15,2,1988,1
1652,14,3,1988,1
1653,29,2,1988,1
1654,7,3,1988,1
1655,18,4,1988,1
1656,25,4,1988,1
1657,9,5,1988,2
1658,12,9,1988,3
1659,14,11,1988,3
1660,18,10,1988,3
1661,8,11,1988,3
1662,3,10,1988,3
1663,22,8,1988,2
1664,23,5,1988,2
1665,20,6,1988,2
1666,29,8,1988,2
1667,11,1,1988,1
1668,30,11,1988,3
1669,28,3,1988,1
1670,20,9,1988,3
1671,8,4,1988,1
1672,22,7,1988,2
1673,5,2,1988,1
1674,10,6,1988,2
1675,6,5,1988,2
1676,4,2,1988,1
1677,16,12,1988,3
1678,6,2,1989,1
1679,10,4,1989,1
1680,17,7,1989,2
1681,6,11,1989,3
1682,20,11,1989,3
1683,9,1,1989,1
1684,27,2,1989,1
1685,17,4,1989,1
1686,19,6,1989,2
1687,1,5,1989,2
1688,11,9,1989,3
1689,22,5,1989,2
1690,12,6,1989,2
1691,10,7,1989,2
1692,31,7,1989,2
1693,24,7,1989,2
1694,7,8,1989,2
1695,25,9,1989,3
1696,2,10,1989,3
1697,9,10,1989,3
1698,3,10,1989,3
1699,16,10,1989,3
1700,2,1,1989,1
1701,23,10,1989,3
1702,30,10,1989,3
1703,14,8,1989,2
1704,20,2,1989,1
1705,13,2,1989,1
1706,20,3,1989,1
1707,13,3,1989,1
1708,24,4,1989,1
1709,8,5,1989,2
1710,15,5,1989,2
1711,18,9,1989,3
1712,13,11,1989,3
1713,17,10,1989,3
1714,7,11,1989,3
1715,6,3,1989,1
1716,21,8,1989,2
1717,29,5,1989,2
1718,26,6,1989,2
1719,28,8,1989,2
1720,16,1,1989,1
1721,28,11,1989,3
1722,28,2,1989,1
1723,4,4,1989,1
1724,3,2,1989,1
1725,7,4,1989,1
1726,20,7,1989,2
1727,21,7,1989,2
1728,16,6,1989,2
1729,5,5,1989,2
1730,12,5,1989,2
1731,8,4,1989,1
1732,7,5,1989,2
1733,15,12,1989,3
1734,15,6,1989,2
1735,1,1,1990,1
1736,8,1,1990,1
1737,15,1,1990,1
1738,1,2,1990,1
1739,2,2,1990,1
1740,5,2,1990,1
1741,12,2,1990,1
1742,19,2,1990,1
1743,26,2,1990,1
1744,5,3,1990,1
1745,16,3,1990,1
1746,23,3,1990,1
1747,30,3,1990,1
1748,2,4,1990,1
1749,9,4,1990,1
1750,16,4,1990,1
1751,23,4,1990,1
1752,30,4,1990,1
1753,4,5,1990,2
1754,5,5,1990,2
1755,7,5,1990,2
1756,14,5,1990,2
1757,21,5,1990,2
1758,28,5,1990,2
1759,11,6,1990,2
1760,15,6,1990,2
1761,18,6,1990,2
1762,25,6,1990,2
1763,9,7,1990,2
1764,16,7,1990,2
1765,20,7,1990,2
1766,23,7,1990,2
1767,30,7,1990,2
1768,6,8,1990,2
1769,13,8,1990,2
1770,20,8,1990,2
1771,24,8,1990,2
1772,27,8,1990,2
1773,10,9,1990,3
1774,13,9,1990,3
1775,21,9,1990,3
1776,24,9,1990,3
1777,1,10,1990,3
1778,8,10,1990,3
1779,15,10,1990,3
1780,22,10,1990,3
1781,29,10,1990,3
1782,5,11,1990,3
1783,12,11,1990,3
1784,30,11,1990,3
1785,11,12,1990,3
1786,31,12,1990,3
1787,7,1,1991,1
1788,14,1,1991,1
1789,1,2,1991,1
1790,4,2,1991,1
1791,8,2,1991,1
1792,11,2,1991,1
1793,18,2,1991,1
1794,25,2,1991,1
1795,4,3,1991,1
1796,15,3,1991,1
1797,29,3,1991,1
1798,30,3,1991,1
1799,1,4,1991,1
1800,5,4,1991,1
1801,8,4,1991,1
1802,15,4,1991,1
1803,22,4,1991,1
1804,29,4,1991,1
1805,3,5,1991,2
1806,6,5,1991,2
1807,8,5,1991,2
1808,10,5,1991,2
1809,13,5,1991,2
1810,20,5,1991,2
1811,27,5,1991,2
1812,10,6,1991,2
1813,13,6,1991,2
1814,14,6,1991,2
1815,17,6,1991,2
1816,24,6,1991,2
1817,8,7,1991,2
1818,15,7,1991,2
1819,19,7,1991,2
1820,22,7,1991,2
1821,26,7,1991,2
1822,29,7,1991,2
1823,5,8,1991,2
1824,12,8,1991,2
1825,19,8,1991,2
1826,26,8,1991,2
1827,9,9,1991,3
1828,13,9,1991,3
1829,20,9,1991,3
1830,23,9,1991,3
1831,30,9,1991,3
1832,7,10,1991,3
1833,14,10,1991,3
1834,21,10,1991,3
1835,28,10,1991,3
1836,4,11,1991,3
1837,12,11,1991,3
1838,29,11,1991,3
1839,10,12,1991,3
1840,30,12,1991,3
1841,6,1,1992,1
1842,13,1,1992,1
1843,31,1,1992,1
1844,1,2,1992,1
1845,3,2,1992,1
1846,10,2,1992,1
1847,17,2,1992,1
1848,24,2,1992,1
1849,2,3,1992,1
1850,13,3,1992,1
1851,16,3,1992,1
1852,27,3,1992,1
1853,30,3,1992,1
1854,6,4,1992,1
1855,13,4,1992,1
1856,20,4,1992,1
1857,27,4,1992,1
1858,1,5,1992,2
1859,4,5,1992,2
1860,11,5,1992,2
1861,18,5,1992,2
1862,25,5,1992,2
1863,8,6,1992,2
1864,15,6,1992,2
1865,22,6,1992,2
1866,6,7,1992,2
1867,13,7,1992,2
1868,17,7,1992,2
1869,20,7,1992,2
1870,27,7,1992,2
1871,3,8,1992,2
1872,10,8,1992,2
1873,17,8,1992,2
1874,24,8,1992,2
1875,31,8,1992,2
1876,14,9,1992,3
1877,25,9,1992,3
1878,28,9,1992,3
1879,5,10,1992,3
1880,12,10,1992,3
1881,19,10,1992,3
1882,26,10,1992,3
1883,2,11,1992,3
1884,9,11,1992,3
1885,16,11,1992,3
1886,4,12,1992,3
1887,8,12,1992,3
1888,4,1,1993,1
1889,11,1,1993,1
1890,18,1,1993,1
1891,1,2,1993,1
1892,5,2,1993,1
1893,8,2,1993,1
1894,15,2,1993,1
1895,22,2,1993,1
1896,1,3,1993,1
1897,8,3,1993,1
1898,12,3,1993,1
1899,15,3,1993,1
1900,26,3,1993,1
1901,29,3,1993,1
1902,5,4,1993,1
1903,12,4,1993,1
1904,19,4,1993,1
1905,26,4,1993,1
1906,30,4,1993,1
1907,3,5,1993,2
1908,10,5,1993,2
1909,17,5,1993,2
1910,24,5,1993,2
1911,7,6,1993,2
1912,14,6,1993,2
1913,21,6,1993,2
1914,5,7,1993,2
1915,16,7,1993,2
1916,19,7,1993,2
1917,26,7,1993,2
1918,2,8,1993,2
1919,9,8,1993,2
1920,16,8,1993,2
1921,23,8,1993,2
1922,30,8,1993,2
1923,13,9,1993,3
1924,22,9,1993,3
1925,24,9,1993,3
1926,27,9,1993,3
1927,4,10,1993,3
1928,8,10,1993,3
1929,11,10,1993,3
1930,18,10,1993,3
1931,25,10,1993,3
1932,1,11,1993,3
1933,8,11,1993,3
1934,15,11,1993,3
1935,3,12,1993,3
1936,7,12,1993,3
1937,3,1,1994,1
1938,10,1,1994,1
1939,17,1,1994,1
1940,31,1,1994,1
1941,4,2,1994,1
1942,7,2,1994,1
1943,14,2,1994,1
1944,21,2,1994,1
1945,28,2,1994,1
1946,7,3,1994,1
1947,14,3,1994,1
1948,25,3,1994,1
1949,28,3,1994,1
1950,4,4,1994,1
1951,11,4,1994,1
1952,18,4,1994,1
1953,25,4,1994,1
1954,29,4,1994,1
1955,2,5,1994,2
1956,6,5,1994,2
1957,9,5,1994,2
1958,16,5,1994,2
1959,23,5,1994,2
1960,6,6,1994,2
1961,13,6,1994,2
1962,20,6,1994,2
1963,4,7,1994,2
1964,8,7,1994,2
1965,15,7,1994,2
1966,18,7,1994,2
1967,25,7,1994,2
1968,1,8,1994,2
1969,8,8,1994,2
1970,15,8,1994,2
1971,22,8,1994,2
1972,29,8,1994,2
1973,12,9,1994,3
1974,23,9,1994,3
1975,26,9,1994,3
1976,3,10,1994,3
1977,10,10,1994,3
1978,17,10,1994,3
1979,24,10,1994,3
1980,31,10,1994,3
1981,7,11,1994,3
1982,15,11,1994,3
1983,2,12,1994,3
1984,6,12,1994,3
1985,2,1,1995,1
1986,9,1,1995,1
1987,16,1,1995,1
1988,3,2,1995,1
1989,6,2,1995,1
1990,13,2,1995,1
1991,20,2,1995,1
1992,27,2,1995,1
1993,6,3,1995,1
1994,13,3,1995,1
1995,20,3,1995,1
1996,31,3,1995,1
1997,3,4,1995,1
1998,10,4,1995,1
1999,17,4,1995,1
2000,24,4,1995,1
2001,28,4,1995,1
2002,1,5,1995,2
2003,8,5,1995,2
2004,15,5,1995,2
2005,22,5,1995,2
2006,29,5,1995,2
2007,12,6,1995,2
2008,19,6,1995,2
2009,26,6,1995,2
2010,10,7,1995,2
2011,14,7,1995,2
2012,17,7,1995,2
2013,24,7,1995,2
2014,31,7,1995,2
2015,7,8,1995,2
2016,14,8,1995,2
2017,21,8,1995,2
2018,28,8,1995,2
2019,11,9,1995,3
2020,21,9,1995,3
2021,22,9,1995,3
2022,25,9,1995,3
2023,2,10,1995,3
2024,9,10,1995,3
2025,16,10,1995,3
2026,23,10,1995,3
2027,30,10,1995,3
2028,6,11,1995,3
2029,14,11,1995,3
2030,1,12,1995,3
2031,5,12,1995,3
2032,1,1,1996,1
2033,8,1,1996,1
2034,15,1,1996,1
2035,29,1,1996,1
2036,9,2,1996,1
2037,12,2,1996,1
2038,19,2,1996,1
2039,23,2,1996,1
2040,26,2,1996,1
2041,4,3,1996,1
2042,11,3,1996,1
2043,18,3,1996,1
2044,25,3,1996,1
2045,5,4,1996,1
2046,8,4,1996,1
2047,15,4,1996,1
2048,22,4,1996,1
2049,29,4,1996,1
2050,1,5,1996,2
2051,3,5,1996,2
2052,6,5,1996,2
2053,13,5,1996,2
2054,20,5,1996,2
2055,27,5,1996,2
2056,10,6,1996,2
2057,17,6,1996,2
2058,24,6,1996,2
2059,8,7,1996,2
2060,12,7,1996,2
2061,15,7,1996,2
2062,22,7,1996,2
2063,29,7,1996,2
2064,5,8,1996,2
2065,12,8,1996,2
2066,19,8,1996,2
2067,26,8,1996,2
2068,9,9,1996,3
2069,20,9,1996,3
2070,23,9,1996,3
2071,30,9,1996,3
2072,7,10,1996,3
2073,14,10,1996,3
2074,21,10,1996,3
2075,28,10,1996,3
2076,4,11,1996,3
2077,19,11,1996,3
2078,29,11,1996,3
2079,3,12,1996,3
2080,30,12,1996,3
2081,6,1,1997,1
2082,13,1,1997,1
2083,27,1,1997,1
2084,4,2,1997,1
2085,7,2,1997,1
2086,10,2,1997,1
2087,14,2,1997,1
2088,17,2,1997,1
2089,18,2,1997,1
2090,21,2,1997,1
2091,24,2,1997,1
2092,3,3,1997,1
2093,10,3,1997,1
2094,17,3,1997,1
2095,24,3,1997,1
2096,4,4,1997,1
2097,7,4,1997,1
2098,14,4,1997,1
2099,21,4,1997,1
2100,28,4,1997,1
2101,2,5,1997,2
2102,5,5,1997,2
2103,12,5,1997,2
2104,19,5,1997,2
2105,26,5,1997,2
2106,9,6,1997,2
2107,16,6,1997,2
2108,23,6,1997,2
2109,7,7,1997,2
2110,11,7,1997,2
2111,14,7,1997,2
2112,21,7,1997,2
2113,28,7,1997,2
2114,4,8,1997,2
2115,11,8,1997,2
2116,18,8,1997,2
2117,25,8,1997,2
2118,8,9,1997,3
2119,19,9,1997,3
2120,22,9,1997,3
2121,23,9,1997,3
2122,29,9,1997,3
2123,6,10,1997,3
2124,13,10,1997,3
2125,20,10,1997,3
2126,27,10,1997,3
2127,3,11,1997,3
2128,10,11,1997,3
2129,28,11,1997,3
2130,5,1,1998,1
2131,12,1,1998,1
2132,19,1,1998,1
2133,2,2,1998,1
2134,9,2,1998,1
2135,13,2,1998,1
2136,16,2,1998,1
2137,23,2,1998,1
2138,2,3,1998,1
2139,9,3,1998,1
2140,16,3,1998,1
2141,23,3,1998,1
2142,3,4,1998,1
2143,4,4,1998,1
2144,6,4,1998,1
2145,13,4,1998,1
2146,17,4,1998,1
2147,20,4,1998,1
2148,27,4,1998,1
2149,1,5,1998,2
2150,4,5,1998,2
2151,11,5,1998,2
2152,18,5,1998,2
2153,25,5,1998,2
2154,8,6,1998,2
2155,15,6,1998,2
2156,22,6,1998,2
2157,6,7,1998,2
2158,17,7,1998,2
2159,20,7,1998,2
2160,27,7,1998,2
2161,3,8,1998,2
2162,10,8,1998,2
2163,17,8,1998,2
2164,24,8,1998,2
2165,31,8,1998,2
2166,14,9,1998,3
2167,25,9,1998,3
2168,28,9,1998,3
2169,5,10,1998,3
2170,12,10,1998,3
2171,19,10,1998,3
2172,26,10,1998,3
2173,2,11,1998,3
2174,9,11,1998,3
2175,23,11,1998,3
2176,4,12,1998,3
2177,4,1,1999,1
2178,11,1,1999,1
2179,18,1,1999,1
2180,1,2,1999,1
2181,5,2,1999,1
2182,8,2,1999,1
2183,12,2,1999,1
2184,15,2,1999,1
2185,19,2,1999,1
2186,22,2,1999,1
2187,1,3,1999,1
2188,8,3,1999,1
2189,15,3,1999,1
2190,22,3,1999,1
2191,2,4,1999,1
2192,5,4,1999,1
2193,12,4,1999,1
2194,16,4,1999,1
2195,19,4,1999,1
2196,26,4,1999,1
2197,30,4,1999,1
2198,3,5,1999,2
2199,10,5,1999,2
2200,16,5,1999,2
2201,17,5,1999,2
2202,24,5,1999,2
2203,7,6,1999,2
2204,14,6,1999,2
2205,21,6,1999,2
2206,5,7,1999,2
2207,16,7,1999,2
2208,19,7,1999,2
2209,26,7,1999,2
2210,2,8,1999,2
2211,9,8,1999,2
2212,16,8,1999,2
2213,23,8,1999,2
2214,30,8,1999,2
2215,13,9,1999,3
2216,24,9,1999,3
2217,27,9,1999,3
2218,4,10,1999,3
2219,11,10,1999,3
2220,18,10,1999,3
2221,25,10,1999,3
2222,1,11,1999,3
2223,8,11,1999,3
2224,22,11,1999,3
2225,3,12,1999,3
2226,10,1,2000,1
2227,22,5,2000,2
2228,1,5,2000,2
2229,12,6,2000,2
2230,10,7,2000,2
2231,17,7,2000,2
2232,24,7,2000,2
2233,25,9,2000,3
2234,16,10,2000,3
2235,23,10,2000,3
2236,9,10,2000,3
2237,2,10,2000,3
2238,3,1,2000,1
2239,13,11,2000,3
2240,30,10,2000,3
2241,6,3,2000,1
2242,10,4,2000,1
2243,6,11,2000,3
2244,14,2,2000,1
2245,20,3,2000,1
2246,13,3,2000,1
2247,21,2,2000,1
2248,17,4,2000,1
2249,15,5,2000,2
2250,8,5,2000,2
2251,14,8,2000,2
2252,31,7,2000,2
2253,7,8,2000,2
2254,7,2,2000,1
2255,24,4,2000,1
2256,20,11,2000,3
2257,19,6,2000,2
2258,21,8,2000,2
2259,28,2,2000,1
2260,29,5,2000,2
2261,26,6,2000,2
2262,28,8,2000,2
2263,17,1,2000,1
2264,27,11,2000,3
2265,21,5,2000,2
2266,11,9,2000,3
2267,18,9,2000,3
2268,7,4,2000,1
2269,6,4,2000,1
2270,21,7,2000,2
2271,14,7,2000,2
2272,6,10,2000,3
2273,17,3,2000,1
2274,28,4,2000,1
2275,8,12,2000,3
2276,4,2,2000,1
2277,28,1,2000,1
2278,8,1,2001,1
2279,21,5,2001,2
2280,30,4,2001,1
2281,11,6,2001,2
2282,9,7,2001,2
2283,16,7,2001,2
2284,23,7,2001,2
2285,24,9,2001,3
2286,22,10,2001,3
2287,1,10,2001,3
2288,8,10,2001,3
2289,1,1,2001,1
2290,29,10,2001,3
2291,15,10,2001,3
2292,28,1,2001,1
2293,9,4,2001,1
2294,19,2,2001,1
2295,19,3,2001,1
2296,12,3,2001,1
2297,29,1,2001,1
2298,23,4,2001,1
2299,16,4,2001,1
2300,14,5,2001,2
2301,7,5,2001,2
2302,13,8,2001,2
2303,30,7,2001,2
2304,6,8,2001,2
2305,26,2,2001,1
2306,5,3,2001,1
2307,18,6,2001,2
2308,20,8,2001,2
2309,12,2,2001,1
2310,28,5,2001,2
2311,10,9,2001,3
2312,25,6,2001,2
2313,27,8,2001,2
2314,15,1,2001,1
2315,12,11,2001,3
2316,17,9,2001,3
2317,9,2,2001,1
2318,27,4,2001,1
2319,6,4,2001,1
2320,20,7,2001,2
2321,21,9,2001,3
2322,30,11,2001,3
2323,14,10,2002,3
2324,7,1,2002,1
2325,20,5,2002,2
2326,29,4,2002,1
2327,10,6,2002,2
2328,8,7,2002,2
2329,15,7,2002,2
2330,22,7,2002,2
2331,23,9,2002,3
2332,21,10,2002,3
2333,30,9,2002,3
2334,7,10,2002,3
2335,31,12,2001,3
2336,28,10,2002,3
2337,8,4,2002,1
2338,18,2,2002,1
2339,18,3,2002,1
2340,11,3,2002,1
2341,28,1,2002,1
2342,15,4,2002,1
2343,13,5,2002,2
2344,6,5,2002,2
2345,12,8,2002,2
2346,29,7,2002,2
2347,5,8,2002,2
2348,25,2,2002,1
2349,22,4,2002,1
2350,4,3,2002,1
2351,17,6,2002,2
2352,19,8,2002,2
2353,11,2,2002,1
2354,27,5,2002,2
2355,9,9,2002,3
2356,24,6,2002,2
2357,26,8,2002,2
2358,14,1,2002,1
2359,11,11,2002,3
2360,8,2,2002,1
2361,3,5,2002,2
2362,5,4,2002,1
2363,20,9,2002,3
2364,12,7,2002,2
2365,29,11,2002,3
2366,13,10,2003,3
2367,22,9,2003,3
2368,6,1,2003,1
2369,19,5,2003,2
2370,28,4,2003,1
2371,9,6,2003,2
2372,7,7,2003,2
2373,14,7,2003,2
2374,21,7,2003,2
2375,20,10,2003,3
2376,29,9,2003,3
2377,6,10,2003,3
2378,30,12,2002,3
2379,27,10,2003,3
2380,7,4,2003,1
2381,17,2,2003,1
2382,17,3,2003,1
2383,10,3,2003,1
2384,27,1,2003,1
2385,14,4,2003,1
2386,12,5,2003,2
2387,5,5,2003,2
2388,28,7,2003,2
2389,4,8,2003,2
2390,11,8,2003,2
2391,10,2,2003,1
2392,21,4,2003,1
2393,3,3,2003,1
2394,16,6,2003,2
2395,18,8,2003,2
2396,24,2,2003,1
2397,26,5,2003,2
2398,8,9,2003,3
2399,23,6,2003,2
2400,25,8,2003,2
2401,13,1,2003,1
2402,10,11,2003,3
2403,7,2,2003,1
2404,14,2,2003,1
2405,4,4,2003,1
2406,19,9,2003,3
2407,28,11,2003,3
2408,20,6,2003,2
2409,11,7,2003,2
2410,18,10,2004,3
2411,27,9,2004,3
2412,12,1,2004,1
2413,17,5,2004,2
2414,26,4,2004,1
2415,7,6,2004,2
2416,5,7,2004,2
2417,12,7,2004,2
2418,19,7,2004,2
2419,25,10,2004,3
2420,4,10,2004,3
2421,11,10,2004,3
2422,5,1,2004,1
2423,1,11,2004,3
2424,16,2,2004,1
2425,22,3,2004,1
2426,8,3,2004,1
2427,9,2,2004,1
2428,19,4,2004,1
2429,10,5,2004,2
2430,3,5,2004,2
2431,16,8,2004,2
2432,26,7,2004,2
2433,2,8,2004,2
2434,1,3,2004,1
2435,14,6,2004,2
2436,23,8,2004,2
2437,12,4,2004,1
2438,9,8,2004,2
2439,23,2,2004,1
2440,13,9,2004,3
2441,24,5,2004,2
2442,21,6,2004,2
2443,30,8,2004,2
2444,19,1,2004,1
2445,15,11,2004,3
2446,6,2,2004,1
2447,9,4,2004,1
2448,24,9,2004,3
2449,3,12,2004,3
2450,23,9,2004,3
2451,16,7,2004,2
2452,17,10,2005,3
2453,26,9,2005,3
2454,10,1,2005,1
2455,16,5,2005,2
2456,25,4,2005,1
2457,6,6,2005,2
2458,4,7,2005,2
2459,18,7,2005,2
2460,25,7,2005,2
2461,24,10,2005,3
2462,3,10,2005,3
2463,22,8,2005,2
2464,10,10,2005,3
2465,3,1,2005,1
2466,31,10,2005,3
2467,4,4,2005,1
2468,14,2,2005,1
2469,21,3,2005,1
2470,7,3,2005,1
2471,31,1,2005,1
2472,11,4,2005,1
2473,9,5,2005,2
2474,2,5,2005,2
2475,1,8,2005,2
2476,8,8,2005,2
2477,15,8,2005,2
2478,7,2,2005,1
2479,18,4,2005,1
2480,21,2,2005,1
2481,13,6,2005,2
2482,23,5,2005,2
2483,20,6,2005,2
2484,29,8,2005,2
2485,17,1,2005,1
2486,14,11,2005,3
2487,12,9,2005,3
2488,4,3,2005,1
2489,15,7,2005,2
2490,23,9,2005,3
2491,2,12,2005,3
2492,29,4,2005,1
2493,28,4,2005,1
2494,16,10,2006,3
2495,25,9,2006,3
2496,30,1,2006,1
2497,9,1,2006,1
2498,22,5,2006,2
2499,1,5,2006,2
2500,12,6,2006,2
2501,10,7,2006,2
2502,17,7,2006,2
2503,24,7,2006,2
2504,23,10,2006,3
2505,2,10,2006,3
2506,21,8,2006,2
2507,9,10,2006,3
2508,2,1,2006,1
2509,30,10,2006,3
2510,24,4,2006,1
2511,20,2,2006,1
2512,20,3,2006,1
2513,6,3,2006,1
2514,17,4,2006,1
2515,15,5,2006,2
2516,8,5,2006,2
2517,31,7,2006,2
2518,7,8,2006,2
2519,14,8,2006,2
2520,13,2,2006,1
2521,27,2,2006,1
2522,19,6,2006,2
2523,29,5,2006,2
2524,26,6,2006,2
2525,28,8,2006,2
2526,10,4,2006,1
2527,16,1,2006,1
2528,13,11,2006,3
2529,11,9,2006,3
2530,10,2,2006,1
2531,7,4,2006,1
2532,22,9,2006,3
2533,1,12,2006,3
2534,21,7,2006,2
2535,15,10,2007,3
2536,24,9,2007,3
2537,29,1,2007,1
2538,8,1,2007,1
2539,20,5,2007,2
2540,30,4,2007,1
2541,11,6,2007,2
2542,9,7,2007,2
2543,16,7,2007,2
2544,23,7,2007,2
2545,22,10,2007,3
2546,1,10,2007,3
2547,19,8,2007,2
2548,7,10,2007,3
2549,1,1,2007,1
2550,28,10,2007,3
2551,23,4,2007,1
2552,19,2,2007,1
2553,19,3,2007,1
2554,5,3,2007,1
2555,15,4,2007,1
2556,14,5,2007,2
2557,7,5,2007,2
2558,29,7,2007,2
2559,5,8,2007,2
2560,13,8,2007,2
2561,12,2,2007,1
2562,26,2,2007,1
2563,8,10,2007,3
2564,17,6,2007,2
2565,29,4,2007,1
2566,30,7,2007,2
2567,28,1,2007,1
2568,28,5,2007,2
2569,25,6,2007,2
2570,27,8,2007,2
2571,9,4,2007,1
2572,15,1,2007,1
2573,12,11,2007,3
2574,18,6,2007,2
2575,10,9,2007,3
2576,9,2,2007,1
2577,21,9,2007,3
2578,20,9,2007,3
2579,6,4,2007,1
2580,30,11,2007,3
2581,20,7,2007,2
2582,12,10,2008,3
2583,22,9,2008,3
2584,25,2,2008,1
2585,7,1,2008,1
2586,18,5,2008,2
2587,28,4,2008,1
2588,9,6,2008,2
2589,7,7,2008,2
2590,14,7,2008,2
2591,20,10,2008,3
2592,29,9,2008,3
2593,17,8,2008,2
2594,6,10,2008,3
2595,31,12,2007,3
2596,26,10,2008,3
2597,27,3,2008,1
2598,13,3,2008,1
2599,18,2,2008,1
2600,20,4,2008,1
2601,11,5,2008,2
2602,5,5,2008,2
2603,10,8,2008,2
2604,21,7,2008,2
2605,28,7,2008,2
2606,4,8,2008,2
2607,3,3,2008,1
2608,15,6,2008,2
2609,14,4,2008,1
2610,11,2,2008,1
2611,28,1,2008,1
2612,25,5,2008,2
2613,23,6,2008,2
2614,25,8,2008,2
2615,14,1,2008,1
2616,9,11,2008,3
2617,16,6,2008,2
2618,8,9,2008,3
2619,11,8,2008,2
2620,8,2,2008,1
2621,11,4,2008,1
2622,19,9,2008,3
2623,21,11,2008,3
2624,18,7,2008,2
2625,10,5,2009,2
2626,28,9,2009,3
2627,2,2,2009,1
2628,12,1,2009,1
2629,17,5,2009,2
2630,3,5,2009,2
2631,8,6,2009,2
2632,26,7,2009,2
2633,6,7,2009,2
2634,13,7,2009,2
2635,2,11,2009,3
2636,5,10,2009,3
2637,23,8,2009,2
2638,26,10,2009,3
2639,4,1,2009,1
2640,21,9,2009,3
2641,8,11,2009,3
2642,6,4,2009,1
2643,16,2,2009,1
2644,25,3,2009,1
2645,12,3,2009,1
2646,9,2,2009,1
2647,12,4,2009,1
2648,19,7,2009,2
2649,27,4,2009,1
2650,2,8,2009,2
2651,10,8,2009,2
2652,16,8,2009,2
2653,27,7,2009,2
2654,20,4,2009,1
2655,19,10,2009,3
2656,14,6,2009,2
2657,5,1,2009,1
2658,23,2,2009,1
2659,11,10,2009,3
2660,4,5,2009,2
2661,25,5,2009,2
2662,22,6,2009,2
2663,31,8,2009,2
2664,25,10,2009,3
2665,19,1,2009,1
2666,22,11,2009,3
2667,6,3,2009,1
2668,10,7,2009,2
2669,18,9,2009,3
2670,4,12,2009,3
2671,8,5,2009,2
2672,6,2,2009,1
2673,3,1,2010,1
2674,4,1,2010,1
2675,11,1,2010,1
2676,18,1,2010,1
2677,1,2,2010,1
2678,8,2,2010,1
2679,15,2,2010,1
2680,22,2,2010,1
2681,5,3,2010,1
2682,6,3,2010,1
2683,11,3,2010,1
2684,24,3,2010,1
2685,5,4,2010,1
2686,11,4,2010,1
2687,19,4,2010,1
2688,25,4,2010,1
2689,2,5,2010,2
2690,3,5,2010,2
2691,7,5,2010,2
2692,9,5,2010,2
2693,16,5,2010,2
2694,24,5,2010,2
2695,7,6,2010,2
2696,13,6,2010,2
2697,21,6,2010,2
2698,5,7,2010,2
2699,9,7,2010,2
2700,12,7,2010,2
2701,19,7,2010,2
2702,25,7,2010,2
2703,26,7,2010,2
2704,1,8,2010,2
2705,9,8,2010,2
2706,15,8,2010,2
2707,22,8,2010,2
2708,30,8,2010,2
2709,16,9,2010,3
2710,17,9,2010,3
2711,20,9,2010,3
2712,27,9,2010,3
2713,4,10,2010,3
2714,10,10,2010,3
2715,18,10,2010,3
2716,25,10,2010,3
2717,31,10,2010,3
2718,1,11,2010,3
2719,7,11,2010,3
2720,21,11,2010,3
2721,3,12,2010,3
2722,2,1,2011,1
2723,3,1,2011,1
2724,10,1,2011,1
2725,17,1,2011,1
2726,31,1,2011,1
2727,7,2,2011,1
2728,14,2,2011,1
2729,21,2,2011,1
2730,4,3,2011,1
2731,10,3,2011,1
2732,23,3,2011,1
2733,4,4,2011,1
2734,10,4,2011,1
2735,18,4,2011,1
2736,24,4,2011,1
2737,25,4,2011,1
2738,1,5,2011,2
2739,8,5,2011,2
2740,15,5,2011,2
2741,22,5,2011,2
2742,6,6,2011,2
2743,12,6,2011,2
2744,20,6,2011,2
2745,4,7,2011,2
2746,7,7,2011,2
2747,8,7,2011,2
2748,11,7,2011,2
2749,18,7,2011,2
2750,25,7,2011,2
2751,31,7,2011,2
2752,8,8,2011,2
2753,14,8,2011,2
2754,21,8,2011,2
2755,29,8,2011,2
2756,16,9,2011,3
2757,19,9,2011,3
2758,26,9,2011,3
2759,3,10,2011,3
2760,9,10,2011,3
2761,17,10,2011,3
2762,24,10,2011,3
2763,28,10,2011,3
2764,31,10,2011,3
2765,7,11,2011,3
2766,20,11,2011,3
2767,2,12,2011,3
2768,1,1,2012,1
2769,2,1,2012,1
2770,9,1,2012,1
2771,16,1,2012,1
2772,30,1,2012,1
2773,10,2,2012,1
2774,11,2,2012,1
2775,13,2,2012,1
2776,20,2,2012,1
2777,27,2,2012,1
2778,8,3,2012,1
2779,21,3,2012,1
2780,6,4,2012,1
2781,9,4,2012,1
2782,15,4,2012,1
2783,23,4,2012,1
2784,30,4,2012,1
2785,6,5,2012,2
2786,13,5,2012,2
2787,20,5,2012,2
2788,21,5,2012,2
2789,27,5,2012,2
2790,11,6,2012,2
2791,17,6,2012,2
2792,18,6,2012,2
2793,25,6,2012,2
2794,9,7,2012,2
2795,16,7,2012,2
2796,22,7,2012,2
2797,23,7,2012,2
2798,25,7,2012,2
2799,30,7,2012,2
2800,6,8,2012,2
2801,12,8,2012,2
2802,19,8,2012,2
2803,27,8,2012,2
2804,14,9,2012,3
2805,17,9,2012,3
2806,24,9,2012,3
2807,1,10,2012,3
2808,7,10,2012,3
2809,15,10,2012,3
2810,21,10,2012,3
2811,22,10,2012,3
2812,29,10,2012,3
2813,5,11,2012,3
2814,16,11,2012,3
2815,30,12,2012,3
2816,31,12,2012,3
2817,7,1,2013,1
2818,14,1,2013,1
2819,1,2,2013,1
2820,4,2,2013,1
2821,11,2,2013,1
2822,18,2,2013,1
2823,25,2,2013,1
2824,7,3,2013,1
2825,20,3,2013,1
2826,5,4,2013,1
2827,8,4,2013,1
2828,14,4,2013,1
2829,22,4,2013,1
2830,29,4,2013,1
2831,5,5,2013,2
2832,12,5,2013,2
2833,19,5,2013,2
2834,27,5,2013,2
2835,10,6,2013,2
2836,16,6,2013,2
2837,17,6,2013,2
2838,24,6,2013,2
2839,8,7,2013,2
2840,15,7,2013,2
2841,22,7,2013,2
2842,28,7,2013,2
2843,29,7,2013,2
2844,5,8,2013,2
2845,11,8,2013,2
2846,18,8,2013,2
2847,26,8,2013,2
2848,12,9,2013,3
2849,13,9,2013,3
2850,16,9,2013,3
2851,23,9,2013,3
2852,30,9,2013,3
2853,7,10,2013,3
2854,14,10,2013,3
2855,21,10,2013,3
2856,25,10,2013,3
2857,28,10,2013,3
2858,4,11,2013,3
2859,15,11,2013,3
2860,29,12,2013,3
2861,30,12,2013,3
2862,6,1,2014,1
2863,13,1,2014,1
2864,27,1,2014,1
2865,31,1,2014,1
2866,3,2,2014,1
2867,10,2,2014,1
2868,14,2,2014,1
2869,17,2,2014,1
2870,24,2,2014,1
2871,6,3,2014,1
2872,19,3,2014,1
2873,4,4,2014,1
2874,7,4,2014,1
2875,13,4,2014,1
2876,21,4,2014,1
2877,25,4,2014,1
2878,28,4,2014,1
2879,4,5,2014,2
2880,11,5,2014,2
2881,18,5,2014,2
2882,26,5,2014,2
2883,9,6,2014,2
2884,15,6,2014,2
2885,16,6,2014,2
2886,23,6,2014,2
2887,7,7,2014,2
2888,14,7,2014,2
2889,21,7,2014,2
2890,27,7,2014,2
2891,28,7,2014,2
2892,4,8,2014,2
2893,10,8,2014,2
2894,17,8,2014,2
2895,25,8,2014,2
2896,12,9,2014,3
2897,15,9,2014,3
2898,22,9,2014,3
2899,29,9,2014,3
2900,5,10,2014,3
2901,13,10,2014,3
2902,20,10,2014,3
2903,27,10,2014,3
2904,9,11,2014,3
2905,21,11,2014,3
2906,4,1,2015,1
2907,5,1,2015,1
2908,11,1,2015,1
2909,12,1,2015,1
2910,19,1,2015,1
2911,2,2,2015,1
2912,9,2,2015,1
2913,16,2,2015,1
2914,23,2,2015,1
2915,6,3,2015,1
2916,12,3,2015,1
2917,25,3,2015,1
2918,6,4,2015,1
2919,12,4,2015,1
2920,20,4,2015,1
2921,27,4,2015,1
2922,3,5,2015,2
2923,10,5,2015,2
2924,17,5,2015,2
2925,24,5,2015,2
2926,8,6,2015,2
2927,15,6,2015,2
2928,21,6,2015,2
2929,29,6,2015,2
2930,13,7,2015,2
2931,14,7,2015,2
2932,17,7,2015,2
2933,20,7,2015,2
2934,27,7,2015,2
2935,3,8,2015,2
2936,10,8,2015,2
2937,16,8,2015,2
2938,23,8,2015,2
2939,31,8,2015,2
2940,18,9,2015,3
2941,21,9,2015,3
2942,28,9,2015,3
2943,5,10,2015,3
2944,11,10,2015,3
2945,19,10,2015,3
2946,26,10,2015,3
2947,30,10,2015,3
2948,2,11,2015,3
2949,15,11,2015,3
2950,27,11,2015,3
2951,4,1,2016,1
2952,11,1,2016,1
2953,18,1,2016,1
2954,1,2,2016,1
2955,8,2,2016,1
2956,15,2,2016,1
2957,22,2,2016,1
2958,4,3,2016,1
2959,7,3,2016,1
2960,21,3,2016,1
2961,4,4,2016,1
2962,11,4,2016,1
2963,18,4,2016,1
2964,25,4,2016,1
2965,2,5,2016,2
2966,9,5,2016,2
2967,16,5,2016,2
2968,23,5,2016,2
2969,6,6,2016,2
2970,13,6,2016,2
2971,20,6,2016,2
2972,27,6,2016,2
2973,11,7,2016,2
2974,15,7,2016,2
2975,18,7,2016,2
2976,25,7,2016,2
2977,1,8,2016,2
2978,8,8,2016,2
2979,15,8,2016,2
2980,22,8,2016,2
2981,29,8,2016,2
2982,16,9,2016,3
2983,19,9,2016,3
2984,26,9,2016,3
2985,3,10,2016,3
2986,10,10,2016,3
2987,17,10,2016,3
2988,24,10,2016,3
2989,31,10,2016,3
2990,14,11,2016,3
2991,25,11,2016,3
2992,2,1,2017,1
2993,9,1,2017,1
2994,16,1,2017,1
2995,3,2,2017,1
2996,6,2,2017,1
2997,13,2,2017,1
2998,17,2,2017,1
2999,20,2,2017,1
3000,27,2,2017,1
3001,6,3,2017,1
3002,20,3,2017,1
3003,7,4,2017,1
3004,10,4,2017,1
3005,17,4,2017,1
3006,24,4,2017,1
3007,1,5,2017,2
3008,8,5,2017,2
3009,15,5,2017,2
3010,22,5,2017,2
3011,29,5,2017,2
3012,12,6,2017,2
3013,19,6,2017,2
3014,26,6,2017,2
3015,3,7,2017,2
3016,17,7,2017,2
3017,24,7,2017,2
3018,31,7,2017,2
3019,7,8,2017,2
3020,14,8,2017,2
3021,21,8,2017,2
3022,28,8,2017,2
3023,15,9,2017,3
3024,18,9,2017,3
3025,25,9,2017,3
3026,2,10,2017,3
3027,9,10,2017,3
3028,16,10,2017,3
3029,23,10,2017,3
3030,30,10,2017,3
3031,13,11,2017,3
3032,24,11,2017,3
3033,6,11,2017,3
3034,22,9,2017,3
3035,1,1,2018,1
3036,8,1,2018,1
3037,15,1,2018,1
3038,2,2,2018,1
3039,3,2,2018,1
3040,5,2,2018,1
3041,12,2,2018,1
3042,19,2,2018,1
3043,26,2,2018,1
3044,5,3,2018,1
3045,19,3,2018,1
3046,6,4,2018,1
3047,7,4,2018,1
3048,9,4,2018,1
3049,16,4,2018,1
3050,23,4,2018,1
3051,30,4,2018,1
3052,7,5,2018,2
3053,14,5,2018,2
3054,21,5,2018,2
3055,28,5,2018,2
3056,11,6,2018,2
3057,18,6,2018,2
3058,25,6,2018,2
3059,2,7,2018,2
3060,16,7,2018,2
3061,23,7,2018,2
3062,30,7,2018,2
3063,6,8,2018,2
3064,13,8,2018,2
3065,20,8,2018,2
3066,27,8,2018,2
3067,14,9,2018,3
3068,15,9,2018,3
3069,17,9,2018,3
3070,24,9,2018,3
3071,1,10,2018,3
3072,8,10,2018,3
3073,15,10,2018,3
3074,22,10,2018,3
3075,29,10,2018,3
3076,5,11,2018,3
3077,12,11,2018,3
3078,23,11,2018,3
3079,21,9,2018,3
3080,31,12,2018,3
3081,7,1,2019,1
3082,14,1,2019,1
3083,4,2,2019,1
3084,11,2,2019,1
3085,18,2,2019,1
3086,25,2,2019,1
3087,4,3,2019,1
3088,18,3,2019,1
3089,8,4,2019,1
3090,15,4,2019,1
3091,22,4,2019,1
3092,29,4,2019,1
3093,6,5,2019,2
3094,13,5,2019,2
3095,20,5,2019,2
3096,27,5,2019,2
3097,10,6,2019,2
3098,17,6,2019,2
3099,24,6,2019,2
3100,1,7,2019,2
3101,15,7,2019,2
3102,22,7,2019,2
3103,29,7,2019,2
3104,5,8,2019,2
3105,12,8,2019,2
3106,19,8,2019,2
3107,26,8,2019,2
3108,16,9,2019,3
3109,23,9,2019,3
3110,30,9,2019,3
3111,7,10,2019,3
3112,14,10,2019,3
3113,21,10,2019,3
3114,28,10,2019,3
3115,11,11,2019,3
3116,19,11,2019,3
3117,21,11,2019,3
3118,20,11,2019,3
3119,18,11,2019,3
3120,22,11,2019,3
3121,24,11,2019,3
3122,23,11,2019,3
3123,13,9,2019,3
3124,14,9,2019,3
3125,5,4,2019,1
3126,1,2,2019,1
3127,5,11,2019,3
3128,20,9,2019,3
3129,6,1,2020,1
3130,13,1,2020,1
3131,20,1,2020,1
3132,3,2,2020,1
3133,10,2,2020,1
3134,17,2,2020,1
3135,24,2,2020,1
3136,24,8,2020,2
3137,31,8,2020,2
3138,7,9,2020,3
3139,14,9,2020,3
3140,21,9,2020,3
3141,28,9,2020,3
3142,12,10,2020,3
3143,19,10,2020,3
3144,26,10,2020,3
3145,2,11,2020,3
3146,9,11,2020,3
3147,16,11,2020,3
3148,6,3,2020,1
3149,24,7,2021,2
3150,26,4,2021,1
3151,14,6,2021,2
3152,19,7,2021,2
3153,12,7,2021,2
3154,26,7,2021,2
3155,7,6,2021,2
3156,17,5,2021,2
3157,25,10,2021,3
3158,20,9,2021,3
3159,1,11,2021,3
3160,22,2,2021,1
3161,22,3,2021,1
3162,4,10,2021,3
3163,1,3,2021,1
3164,12,4,2021,1
3165,10,5,2021,2
3166,2,8,2021,2
3167,9,8,2021,2
3168,16,8,2021,2
3169,19,4,2021,1
3170,8,11,2021,3
3171,18,10,2021,3
3172,8,3,2021,1
3173,15,3,2021,1
3174,4,1,2021,1
3175,15,11,2021,3
3176,21,6,2021,2
3177,3,5,2021,2
3178,31,5,2021,2
3179,28,6,2021,2
3180,30,8,2021,2
3181,8,2,2021,1
3182,23,8,2021,2
3183,27,9,2021,3
3184,2,2,2021,1
3185,1,2,2021,1
3186,5,1,2021,1
3187,5,4,2021,1
3188,24,5,2021,2
3189,26,11,2021,3
3190,28,11,2021,3
3191,27,11,2021,3
3192,25,11,2021,3
3193,3,12,2021,3
3194,30,11,2021,3
3195,29,11,2021,3
3196,5,12,2021,3
3197,4,12,2021,3
3198,2,12,2021,3
3199,1,12,2021,3
3200,18,9,2021,3
3201,17,9,2021,3
3202,5,3,2021,1
3203,24,9,2021,3
3204,3,1,2022,1
3205,10,1,2022,1
3206,17,1,2022,1
3207,31,1,2022,1
3208,7,2,2022,1
3209,14,2,2022,1
3210,21,2,2022,1
3211,7,3,2022,1
3212,21,3,2022,1
3213,4,4,2022,1
3214,11,4,2022,1
3215,18,4,2022,1
3216,25,4,2022,1
3217,2,5,2022,2
3218,9,5,2022,2
3219,16,5,2022,2
3220,23,5,2022,2
3221,6,6,2022,2
3222,13,6,2022,2
3223,20,6,2022,2
3224,27,6,2022,2
3225,11,7,2022,2
3226,18,7,2022,2
3227,25,7,2022,2
3228,1,8,2022,2
3229,8,8,2022,2
3230,15,8,2022,2
3231,22,8,2022,2
3232,29,8,2022,2
3233,19,9,2022,3
3234,23,9,2022,3
3235,26,9,2022,3
3236,3,10,2022,3
3237,10,10,2022,3
3238,17,10,2022,3
3239,24,10,2022,3
3240,31,10,2022,3
3241,7,11,2022,3
3242,14,11,2022,3
3243,17,9,2022,3
3244,13,9,2022,3
3245,15,9,2022,3
3246,16,9,2022,3
3247,14,9,2022,3
3248,18,9,2022,3
3249,25,11,2022,3
3250,22,11,2022,3
3251,27,11,2022,3
3252,23,11,2022,3
3253,24,11,2022,3
3254,26,11,2022,3
3255,4,3,2022,1
3256,2,1,2023,1
3257,9,1,2023,1
3258,16,1,2023,1
3259,6,2,2023,1
3260,13,2,2023,1
3261,20,2,2023,1
3262,27,2,2023,1
3263,6,3,2023,1
3264,20,3,2023,1
3265,3,4,2023,1
3266,10,4,2023,1
3267,17,4,2023,1
3268,24,4,2023,1
3269,8,5,2023,2
3270,22,5,2023,2
3271,29,5,2023,2
3272,12,6,2023,2
3273,19,6,2023,2
3274,26,6,2023,2
3275,3,7,2023,2
3276,17,7,2023,2
3277,24,7,2023,2
3278,31,7,2023,2
3279,7,8,2023,2
3280,14,8,2023,2
3281,21,8,2023,2
3282,28,8,2023,2
3283,20,9,2023,3
3284,25,9,2023,3
3285,27,9,2023,3
3286,2,10,2023,3
3287,16,10,2023,3
3288,23,10,2023,3
3289,30,10,2023,3
3290,6,11,2023,3
3291,13,11,2023,3
3292,27,11,2023,3
3293,16,9,2023,3
3294,13,9,2023,3
3295,14,9,2023,3
3296,15,9,2023,3
3297,17,9,2023,3
3298,12,9,2023,3
3299,26,11,2023,3
3300,21,11,2023,3
3301,22,11,2023,3
3302,24,11,2023,3
3303,23,11,2023,3
3304,25,11,2023,3
3305,4,2,2023,1
3306,3,2,2023,1
3307,2,2,2023,1
3308,1,1,2024,1
3309,8,1,2024,1
3310,15,1,2024,1
3311,29,1,2024,1
3312,5,2,2024,1
3313,12,2,2024,1
3314,19,2,2024,1
3315,26,2,2024,1
3316,4,3,2024,1
3317,18,3,2024,1
3318,1,4,2024,1
3319,8,4,2024,1
3320,15,4,2024,1
3321,22,4,2024,1
3322,6,5,2024,2
3323,20,5,2024,2
3324,27,5,2024,2
3325,10,6,2024,2
3326,17,6,2024,2
3327,24,6,2024,2
3328,1,7,2024,2
3329,15,7,2024,2
3330,22,7,2024,2
3331,29,7,2024,2
3332,5,8,2024,2
3333,12,8,2024,2
3334,19,8,2024,2
3335,26,8,2024,2
3336,18,9,2024,3
3337,20,9,2024,3
3338,25,9,2024,3
3339,26,9,2024,3
3340,2,10,2024,3
3341,14,10,2024,3
3342,21,10,2024,3
3343,28,10,2024,3
3344,4,11,2024,3
3345,11,11,2024,3
3346,18,12,2024,3
3347,14,9,2024,3
3348,13,9,2024,3
3349,11,9,2024,3
3350,15,9,2024,3
3351,10,9,2024,3
3352,12,9,2024,3
3353,20,11,2024,3
3354,22,11,2024,3
3355,21,11,2024,3
3356,23,11,2024,3
3357,24,11,2024,3
3358,19,11,2024,3
3359,3,2,2024,1
3360,2,2,2024,1
3361,1,2,2024,1
3362,15,3,2024,1
3363,9,7,1877,2
3364,8,7,1878,2
3365,7,7,1879,2
3366,5,7,1880,2
3367,2,7,1881,2
3368,5,9,1881,3
3369,8,7,1882,2
3370,30,8,1882,2
3371,7,7,1883,2
3372,1,8,1883,2
3373,5,7,1884,2
3374,1,8,1884,2
3375,4,7,1885,2
3376,18,8,1885,2
3377,3,7,1886,2
3378,23,8,1886,2
3379,2,7,1887,2
3380,25,8,1887,2
3381,7,7,1888,2
3382,20,8,1888,2
3383,1,7,1889,2
3384,21,8,1889,2
3385,30,6,1890,2
3386,27,8,1890,2
3387,29,6,1891,2
3388,18,8,1891,2
3389,27,6,1892,2
3390,23,8,1892,2
3391,10,7,1893,2
3392,22,8,1893,2
3393,9,7,1894,2
3394,21,8,1894,2
3395,8,7,1895,2
3396,20,8,1895,2
3397,1,6,1896,2
3398,18,8,1896,2
3399,1,6,1897,2
3400,18,8,1897,2
3401,1,6,1898,2
3402,18,8,1898,2
3403,1,6,1899,2
3404,15,8,1899,2
3405,1,6,1900,2
3406,14,8,1900,2
3407,8,8,1900,2
3408,1,6,1901,2
3409,13,8,1901,2
3410,23,6,1902,2
3411,18,8,1902,2
3412,6,8,1902,2
3413,1,6,1903,2
3414,1,8,1903,2
3415,4,8,1903,2
3416,1,6,1904,2
3417,1,8,1904,2
3418,27,6,1904,2
3419,2,7,1904,2
3420,1,6,1905,2
3421,1,8,1905,2
3422,17,11,1905,3
3423,13,7,1905,2
3424,17,7,1905,2
3425,21,7,1905,2
3426,1,6,1906,2
3427,1,8,1906,2
3428,26,12,1906,3
3429,7,6,1906,2
3430,15,6,1906,2
3431,1,6,1907,2
3432,1,8,1907,2
3433,18,8,1907,2
3434,20,7,1907,2
3435,13,7,1907,2
3436,1,6,1908,2
3437,1,8,1908,2
3438,7,12,1908,3
3439,27,11,1908,3
3440,17,9,1908,3
3441,1,6,1909,2
3442,1,8,1909,2
3443,18,10,1909,3
3444,27,11,1909,3
3445,11,9,1909,3
3446,1,6,1910,2
3447,1,8,1910,2
3448,15,3,1910,1
3449,1,6,1911,2
3450,1,8,1911,2
3451,1,11,1911,3
3452,9,9,1911,3
3453,1,6,1912,2
3454,1,8,1912,2
3455,30,12,1912,3
3456,28,11,1912,3
3457,1,1,1912,1
3458,11,7,1912,2
3459,1,6,1913,2
3460,1,8,1913,2
3461,11,11,1913,3
3462,6,6,1913,2
3463,10,7,1913,2
3464,19,6,1913,2
3465,17,7,1913,2
3466,3,6,1913,2
3467,25,7,1913,2
3468,1,6,1914,2
3469,1,8,1914,2
3470,23,11,1914,3
3471,23,7,1914,2
3472,30,7,1914,2
3473,13,8,1914,2
3474,7,7,1914,2
3475,11,7,1914,2
3476,1,8,1915,2
3477,1,8,1916,2
3478,1,8,1917,2
3479,27,8,1918,2
3480,23,6,1919,2
3481,1,8,1919,2
3482,22,1,1920,1
3483,11,7,1919,2
3484,25,8,1919,2
3485,25,7,1919,2
3486,1,6,1920,2
3487,1,8,1920,2
3488,15,3,1920,1
3489,8,7,1920,2
3490,16,7,1920,2
3491,11,6,1920,2
3492,20,6,1921,2
3493,1,8,1921,2
3494,26,12,1921,3
3495,23,7,1921,2
3496,19,8,1921,2
3497,22,8,1921,2
3498,30,12,1921,3
3499,13,6,1921,2
3500,23,5,1921,2
3501,16,7,1921,2
3502,18,8,1921,2
3503,2,9,1921,3
3504,26,6,1922,2
3505,1,8,1922,2
3506,2,12,1922,3
3507,22,6,1922,2
3508,17,8,1922,2
3509,10,8,1922,2
3510,14,7,1922,2
3511,1,9,1922,3
3512,17,6,1922,2
3513,13,7,1922,2
3514,19,6,1922,2
3515,25,6,1923,2
3516,1,8,1923,2
3517,11,8,1923,2
3518,15,6,1923,2
3519,16,8,1923,2
3520,26,7,1923,2
3521,9,8,1923,2
3522,31,8,1923,2
3523,30,5,1923,2
3524,15,5,1923,2
3525,28,7,1923,2
3526,16,6,1923,2
3527,9,7,1923,2
3528,21,6,1923,2
3529,13,7,1923,2
3530,1,6,1923,2
3531,31,5,1923,2
3532,23,6,1924,2
3533,1,8,1924,2
3534,19,1,1924,1
3535,31,7,1924,2
3536,4,9,1924,3
3537,14,8,1924,2
3538,7,8,1924,2
3539,11,9,1924,3
3540,17,5,1924,2
3541,12,5,1924,2
3542,24,7,1924,2
3543,16,5,1924,2
3544,14,6,1924,2
3545,25,7,1924,2
3546,31,5,1924,2
3547,26,7,1924,2
3548,17,6,1924,2
3549,3,8,1924,2
3550,9,6,1924,2
3551,29,5,1924,2
3552,22,5,1924,2
3553,4,6,1924,2
3554,1,5,1925,2
3555,22,6,1925,2
3556,1,8,1925,2
3557,24,1,1925,1
3558,13,8,1925,2
3559,4,9,1925,3
3560,20,8,1925,2
3561,12,6,1925,2
3562,15,5,1925,2
3563,16,5,1925,2
3564,4,7,1925,2
3565,27,5,1925,2
3566,12,5,1925,2
3567,16,7,1925,2
3568,11,7,1925,2
3569,8,5,1925,2
3570,18,7,1925,2
3571,11,9,1925,3
3572,10,7,1925,2
3573,1,5,1926,2
3574,21,6,1926,2
3575,1,8,1926,2
3576,23,1,1926,1
3577,29,5,1926,2
3578,16,5,1926,2
3579,7,5,1926,2
3580,16,7,1926,2
3581,19,8,1926,2
3582,14,5,1926,2
3583,9,7,1926,2
3584,20,5,1926,2
3585,24,7,1926,2
3586,26,8,1926,2
3587,14,7,1926,2
3588,24,5,1926,2
3589,9,9,1926,3
3590,27,5,1926,2
3591,8,5,1926,2
3592,27,4,1926,1
3593,11,6,1926,2
3594,25,6,1926,2
3595,30,4,1926,1
3596,31,5,1926,2
3597,11,5,1926,2
3598,1,5,1927,2
3599,1,6,1927,2
3600,1,8,1927,2
3601,22,1,1927,1
3602,29,4,1927,1
3603,20,5,1927,2
3604,10,6,1927,2
3605,18,7,1927,2
3606,18,8,1927,2
3607,21,7,1927,2
3608,19,5,1927,2
3609,9,6,1927,2
3610,3,5,1927,2
3611,8,7,1927,2
3612,7,5,1927,2
3613,11,6,1927,2
3614,25,8,1927,2
3615,14,5,1927,2
3616,8,9,1927,3
3617,6,5,1927,2
3618,13,5,1927,2
3619,29,7,1927,2
3620,1,5,1928,2
3621,1,6,1928,2
3622,1,8,1928,2
3623,28,1,1928,1
3624,3,5,1928,2
3625,4,5,1928,2
3626,23,5,1928,2
3627,7,6,1928,2
3628,25,5,1928,2
3629,7,4,1928,1
3630,30,4,1928,1
3631,17,5,1928,2
3632,27,7,1928,2
3633,20,6,1928,2
3634,18,5,1928,2
3635,9,6,1928,2
3636,12,5,1928,2
3637,10,5,1928,2
3638,13,7,1928,2
3639,20,7,1928,2
3640,9,4,1928,1
3641,22,6,1928,2
3642,11,5,1928,2
3643,1,5,1929,2
3644,1,6,1929,2
3645,1,8,1929,2
3646,19,1,1929,1
3647,26,4,1929,1
3648,4,5,1929,2
3649,10,5,1929,2
3650,16,5,1929,2
3651,17,5,1929,2
3652,30,5,1929,2
3653,5,6,1929,2
3654,11,5,1929,2
3655,26,7,1929,2
3656,12,7,1929,2
3657,6,6,1929,2
3658,7,6,1929,2
3659,19,6,1929,2
3660,19,7,1929,2
3661,14,5,1929,2
3662,23,5,1929,2
3663,29,3,1929,1
3664,1,5,1930,2
3665,1,6,1930,2
3666,1,8,1930,2
3667,18,1,1930,1
3668,6,6,1930,2
3669,15,5,1930,2
3670,14,6,1930,2
3671,2,5,1930,2
3672,16,5,1930,2
3673,9,5,1930,2
3674,7,6,1930,2
3675,17,5,1930,2
3676,25,7,1930,2
3677,24,4,1930,1
3678,10,5,1930,2
3679,19,4,1930,1
3680,3,5,1930,2
3681,11,7,1930,2
3682,18,7,1930,2
3683,22,5,1930,2
3684,30,5,1930,2
3685,1,5,1931,2
3686,1,6,1931,2
3687,1,8,1931,2
3688,27,2,1931,1
3689,24,4,1931,1
3690,26,3,1931,1
3691,2,4,1931,1
3692,28,5,1931,2
3693,16,4,1931,1
3694,9,5,1931,2
3695,21,5,1931,2
3696,20,5,1931,2
3697,13,5,1931,2
3698,16,6,1931,2
3699,8,5,1931,2
3700,2,6,1931,2
3701,24,7,1931,2
3702,12,6,1931,2
3703,23,4,1931,1
3704,4,6,1931,2
3705,9,7,1931,2
3706,17,7,1931,2
3707,15,5,1931,2
3708,14,5,1931,2
3709,2,5,1931,2
3710,1,5,1932,2
3711,1,6,1932,2
3712,1,8,1932,2
3713,6,2,1932,1
3714,13,5,1932,2
3715,27,5,1932,2
3716,21,5,1932,2
3717,6,5,1932,2
3718,3,5,1932,2
3719,9,6,1932,2
3720,28,4,1932,1
3721,10,6,1932,2
3722,11,5,1932,2
3723,10,5,1932,2
3724,15,5,1932,2
3725,29,7,1932,2
3726,8,7,1932,2
3727,14,5,1932,2
3728,15,7,1932,2
3729,22,7,1932,2
3730,19,5,1932,2
3731,11,6,1932,2
3732,5,5,1932,2
3733,1,5,1933,2
3734,1,6,1933,2
3735,1,8,1933,2
3736,21,1,1933,1
3737,8,4,1933,1
3738,25,5,1933,2
3739,13,7,1933,2
3740,17,6,1933,2
3741,12,5,1933,2
3742,10,6,1933,2
3743,5,5,1933,2
3744,14,7,1933,2
3745,19,5,1933,2
3746,27,8,1933,2
3747,28,7,1933,2
3748,1,9,1933,3
3749,12,8,1933,2
3750,11,5,1933,2
3751,18,5,1933,2
3752,31,3,1933,1
3753,11,8,1933,2
3754,7,5,1933,2
3755,21,4,1933,1
3756,8,6,1933,2
3757,21,7,1933,2
3758,9,6,1933,2
3759,18,8,1933,2
3760,4,8,1933,2
3761,4,5,1933,2
3762,1,5,1934,2
3763,1,6,1934,2
3764,1,8,1934,2
3765,18,1,1934,1
3766,15,6,1934,2
3767,7,6,1934,2
3768,13,7,1934,2
3769,21,7,1934,2
3770,18,5,1934,2
3771,20,7,1934,2
3772,24,5,1934,2
3773,24,8,1934,2
3774,3,8,1934,2
3775,8,6,1934,2
3776,28,7,1934,2
3777,17,8,1934,2
3778,31,8,1934,2
3779,15,8,1934,2
3780,30,5,1934,2
3781,1,5,1935,2
3782,1,6,1935,2
3783,1,8,1935,2
3784,5,1,1935,1
3785,8,6,1935,2
3786,14,6,1935,2
3787,12,5,1935,2
3788,26,4,1935,1
3789,10,5,1935,2
3790,3,5,1935,2
3791,27,7,1935,2
3792,12,7,1935,2
3793,20,7,1935,2
3794,7,6,1935,2
3795,17,5,1935,2
3796,15,6,1935,2
3797,1,5,1936,2
3798,1,6,1936,2
3799,1,8,1936,2
3800,20,1,1936,1
3801,5,6,1936,2
3802,8,5,1936,2
3803,25,7,1936,2
3804,18,7,1936,2
3805,30,5,1936,2
3806,15,5,1936,2
3807,13,6,1936,2
3808,14,5,1936,2
3809,24,4,1936,1
3810,9,5,1936,2
3811,12,6,1936,2
3812,10,7,1936,2
3813,4,6,1936,2
3814,10,4,1936,1
3815,1,5,1937,2
3816,1,6,1937,2
3817,1,8,1937,2
3818,22,1,1937,1
3819,30,4,1937,1
3820,29,5,1937,2
3821,8,5,1937,2
3822,12,6,1937,2
3823,15,5,1937,2
3824,4,6,1937,2
3825,29,4,1937,1
3826,5,6,1937,2
3827,24,7,1937,2
3828,10,7,1937,2
3829,17,7,1937,2
3830,12,5,1937,2
3831,1,5,1938,2
3832,1,6,1938,2
3833,1,8,1938,2
3834,21,1,1938,1
3835,18,8,1938,2
3836,12,8,1938,2
3837,29,7,1938,2
3838,3,9,1938,3
3839,5,5,1938,2
3840,26,5,1938,2
3841,21,7,1938,2
3842,28,7,1938,2
3843,27,5,1938,2
3844,21,5,1938,2
3845,7,5,1938,2
3846,20,5,1938,2
3847,19,5,1938,2
3848,29,5,1938,2
3849,29,4,1938,1
3850,1,5,1939,2
3851,1,6,1939,2
3852,1,8,1939,2
3853,20,1,1939,1
3854,10,8,1939,2
3855,30,6,1939,2
3856,14,7,1939,2
3857,2,9,1939,3
3858,24,8,1939,2
3859,19,5,1939,2
3860,26,5,1939,2
3861,2,6,1939,2
3862,21,7,1939,2
3863,18,5,1939,2
3864,25,5,1939,2
3865,3,6,1939,2
3866,5,5,1939,2
3867,27,5,1939,2
3868,28,7,1939,2
3869,12,5,1939,2
3870,1,8,1940,2
3871,19,1,1940,1
3872,1,8,1941,2
3873,1,8,1942,2
3874,1,8,1943,2
3875,1,8,1944,2
3876,2,9,1945,3
3877,1,5,1946,2
3878,1,6,1946,2
3879,1,8,1946,2
3880,19,1,1946,1
3881,26,12,1946,3
3882,24,5,1946,2
3883,10,5,1946,2
3884,12,6,1946,2
3885,13,6,1946,2
3886,2,5,1946,2
3887,9,6,1946,2
3888,29,6,1946,2
3889,14,6,1946,2
3890,13,9,1946,3
3891,14,7,1946,2
3892,1,5,1947,2
3893,1,6,1947,2
3894,1,8,1947,2
3895,18,1,1947,1
3896,8,8,1947,2
3897,14,8,1947,2
3898,30,8,1947,2
3899,16,5,1947,2
3900,2,5,1947,2
3901,30,5,1947,2
3902,14,6,1947,2
3903,15,5,1947,2
3904,13,6,1947,2
3905,13,7,1947,2
3906,1,5,1948,2
3907,1,6,1948,2
3908,1,8,1948,2
3909,17,1,1948,1
3910,15,5,1948,2
3911,23,7,1948,2
3912,6,8,1948,2
3913,19,8,1948,2
3914,4,9,1948,3
3915,29,4,1948,1
3916,11,6,1948,2
3917,14,5,1948,2
3918,8,7,1948,2
3919,3,5,1948,2
3920,22,4,1948,1
3921,10,6,1948,2
3922,11,5,1948,2
3923,9,7,1948,2
3924,6,5,1948,2
3925,30,4,1948,1
3926,27,7,1948,2
3927,1,5,1949,2
3928,1,6,1949,2
3929,1,8,1949,2
3930,22,1,1949,1
3931,21,7,1949,2
3932,12,8,1949,2
3933,29,7,1949,2
3934,26,8,1949,2
3935,6,5,1949,2
3936,14,5,1949,2
3937,30,4,1949,1
3938,10,6,1949,2
3939,2,7,1949,2
3940,13,5,1949,2
3941,28,4,1949,1
3942,9,7,1949,2
3943,23,7,1949,2
3944,29,4,1949,1
3945,11,6,1949,2
3946,9,6,1949,2
3947,8,7,1949,2
3948,13,6,1949,2
3949,1,5,1950,2
3950,1,6,1950,2
3951,1,8,1950,2
3952,21,1,1950,1
3953,14,7,1950,2
3954,28,7,1950,2
3955,11,8,1950,2
3956,25,8,1950,2
3957,5,5,1950,2
3958,16,6,1950,2
3959,19,5,1950,2
3960,7,7,1950,2
3961,6,5,1950,2
3962,18,5,1950,2
3963,8,6,1950,2
3964,20,5,1950,2
3965,7,4,1950,1
3966,13,7,1950,2
3967,1,5,1951,2
3968,1,6,1951,2
3969,1,8,1951,2
3970,20,1,1951,1
3971,26,12,1951,3
3972,19,5,1951,2
3973,15,6,1951,2
3974,4,5,1951,2
3975,11,5,1951,2
3976,3,8,1951,2
3977,10,8,1951,2
3978,18,5,1951,2
3979,9,5,1951,2
3980,14,6,1951,2
3981,13,7,1951,2
3982,27,7,1951,2
3983,17,6,1951,2
3984,20,7,1951,2
3985,3,5,1951,2
3986,17,7,1951,2
3987,13,12,1951,3
3988,1,5,1952,2
3989,1,6,1952,2
3990,1,8,1952,2
3991,19,1,1952,1
3992,13,6,1952,2
3993,17,5,1952,2
3994,29,12,1952,3
3995,2,5,1952,2
3996,12,7,1952,2
3997,16,5,1952,2
3998,25,7,1952,2
3999,14,6,1952,2
4000,8,8,1952,2
4001,11,7,1952,2
4002,8,5,1952,2
4003,9,5,1952,2
4004,11,12,1952,3
4005,18,12,1952,3
4006,3,5,1952,2
4007,1,5,1953,2
4008,1,6,1953,2
4009,1,8,1953,2
4010,9,1,1953,1
4011,28,12,1953,3
4012,13,5,1953,2
4013,24,4,1953,1
4014,18,7,1953,2
4015,12,6,1953,2
4016,14,5,1953,2
4017,3,12,1953,3
4018,10,7,1953,2
4019,17,12,1953,3
4020,8,8,1953,2
4021,14,9,1953,3
4022,25,7,1953,2
4023,10,6,1953,2
4024,2,5,1953,2
4025,3,5,1953,2
4026,15,5,1953,2
4027,17,5,1953,2
4028,11,7,1953,2
4029,1,5,1954,2
4030,1,6,1954,2
4031,1,8,1954,2
4032,22,1,1954,1
4033,27,12,1954,3
4034,14,5,1954,2
4035,30,4,1954,1
4036,10,6,1954,2
4037,17,7,1954,2
4038,13,5,1954,2
4039,16,7,1954,2
4040,20,8,1954,2
4041,31,7,1954,2
4042,9,7,1954,2
4043,11,6,1954,2
4044,15,5,1954,2
4045,6,5,1954,2
4046,24,7,1954,2
4047,1,10,1954,3
4048,16,12,1954,3
4049,1,5,1955,2
4050,1,6,1955,2
4051,1,8,1955,2
4052,21,1,1955,1
4053,13,5,1955,2
4054,29,4,1955,1
4055,22,7,1955,2
4056,29,7,1955,2
4057,14,8,1955,2
4058,5,8,1955,2
4059,15,7,1955,2
4060,26,8,1955,2
4061,10,6,1955,2
4062,12,5,1955,2
4063,9,6,1955,2
4064,14,7,1955,2
4065,14,5,1955,2
4066,27,5,1955,2
4067,28,3,1955,1
4068,6,5,1955,2
4069,1,5,1956,2
4070,1,6,1956,2
4071,1,8,1956,2
4072,20,1,1956,1
4073,26,12,1956,3
4074,27,4,1956,1
4075,10,5,1956,2
4076,6,7,1956,2
4077,2,5,1956,2
4078,27,7,1956,2
4079,31,5,1956,2
4080,11,5,1956,2
4081,2,6,1956,2
4082,15,6,1956,2
4083,13,5,1956,2
4084,18,5,1956,2
4085,22,3,1956,1
4086,14,12,1956,3
4087,12,5,1956,2
4088,20,7,1956,2
4089,29,9,1956,3
4090,3,8,1956,2
4091,1,5,1957,2
4092,1,6,1957,2
4093,1,8,1957,2
4094,17,1,1957,1
4095,26,12,1957,3
4096,27,4,1957,1
4097,10,5,1957,2
4098,20,7,1957,2
4099,17,5,1957,2
4100,2,8,1957,2
4101,8,6,1957,2
4102,12,12,1957,3
4103,19,7,1957,2
4104,27,7,1957,2
4105,26,4,1957,1
4106,1,3,1957,1
4107,18,5,1957,2
4108,7,6,1957,2
4109,19,4,1957,1
4110,5,12,1957,3
4111,24,5,1957,2
4112,1,5,1958,2
4113,1,6,1958,2
4114,1,8,1958,2
4115,17,1,1958,1
4116,10,7,1958,2
4117,19,7,1958,2
4118,15,8,1958,2
4119,29,12,1958,3
4120,2,5,1958,2
4121,16,5,1958,2
4122,15,5,1958,2
4123,25,4,1958,1
4124,4,7,1958,2
4125,11,7,1958,2
4126,26,4,1958,1
4127,5,6,1958,2
4128,18,5,1958,2
4129,6,6,1958,2
4130,6,12,1958,3
4131,18,7,1958,2
4132,19,12,1958,3
4133,28,3,1958,1
4134,23,4,1958,1
4135,21,5,1958,2
4136,1,5,1959,2
4137,1,6,1959,2
4138,1,8,1959,2
4139,16,1,1959,1
4140,24,7,1959,2
4141,31,7,1959,2
4142,14,8,1959,2
4143,7,8,1959,2
4144,18,7,1959,2
4145,28,8,1959,2
4146,16,5,1959,2
4147,12,6,1959,2
4148,15,5,1959,2
4149,2,5,1959,2
4150,11,6,1959,2
4151,14,5,1959,2
4152,10,5,1959,2
4153,25,4,1959,1
4154,17,4,1959,1
4155,9,7,1959,2
4156,8,5,1959,2
4157,10,7,1959,2
4158,30,4,1959,1
4159,23,4,1959,1
4160,10,4,1959,1
4161,21,3,1959,1
4162,1,5,1960,2
4163,1,6,1960,2
4164,1,8,1960,2
4165,22,1,1960,1
4166,29,4,1960,1
4167,13,5,1960,2
4168,26,12,1960,3
4169,10,6,1960,2
4170,15,7,1960,2
4171,16,7,1960,2
4172,28,4,1960,1
4173,27,5,1960,2
4174,4,4,1960,1
4175,22,4,1960,1
4176,29,7,1960,2
4177,9,12,1960,3
4178,30,4,1960,1
4179,6,8,1960,2
4180,22,7,1960,2
4181,22,11,1960,3
4182,16,9,1960,3
4183,1,5,1961,2
4184,1,6,1961,2
4185,1,8,1961,2
4186,20,1,1961,1
4187,26,12,1961,3
4188,5,5,1961,2
4189,2,6,1961,2
4190,28,7,1961,2
4191,27,5,1961,2
4192,29,4,1961,1
4193,15,7,1961,2
4194,16,6,1961,2
4195,21,7,1961,2
4196,10,6,1961,2
4197,15,6,1961,2
4198,4,5,1961,2
4199,26,3,1961,1
4200,6,5,1961,2
4201,1,4,1961,1
4202,30,9,1961,3
4203,27,4,1961,1
4204,4,8,1961,2
4205,13,10,1961,3
4206,22,4,1961,1
4207,18,8,1961,2
4208,18,3,1961,1
4209,1,5,1962,2
4210,1,6,1962,2
4211,1,8,1962,2
4212,5,1,1962,1
4213,26,12,1962,3
4214,19,5,1962,2
4215,4,5,1962,2
4216,18,5,1962,2
4217,14,6,1962,2
4218,13,7,1962,2
4219,6,8,1962,2
4220,15,6,1962,2
4221,14,4,1962,1
4222,3,12,1962,3
4223,31,3,1962,1
4224,6,4,1962,1
4225,27,7,1962,2
4226,30,3,1962,1
4227,13,4,1962,1
4228,26,10,1962,3
4229,4,8,1962,2
4230,17,8,1962,2
4231,5,5,1962,2
4232,17,3,1962,1
4233,1,5,1963,2
4234,1,6,1963,2
4235,1,8,1963,2
4236,10,1,1963,1
4237,26,12,1963,3
4238,3,5,1963,2
4239,31,5,1963,2
4240,28,5,1963,2
4241,26,7,1963,2
4242,15,6,1963,2
4243,24,5,1963,2
4244,14,6,1963,2
4245,28,7,1963,2
4246,13,4,1963,1
4247,18,7,1963,2
4248,13,6,1963,2
4249,26,9,1963,3
4250,19,4,1963,1
4251,31,3,1963,1
4252,2,11,1963,3
4253,5,4,1963,1
4254,12,4,1963,1
4255,27,3,1963,1
4256,16,8,1963,2
4257,29,3,1963,1
4258,17,3,1963,1
4259,19,7,1963,2
4260,29,5,1963,2
4261,13,9,1963,3
4262,1,5,1964,2
4263,1,6,1964,2
4264,1,8,1964,2
4265,4,1,1964,1
4266,14,5,1964,2
4267,17,7,1964,2
4268,14,8,1964,2
4269,29,8,1964,2
4270,25,9,1964,3
4271,30,4,1964,1
4272,29,5,1964,2
4273,10,5,1964,2
4274,12,6,1964,2
4275,16,7,1964,2
4276,15,5,1964,2
4277,31,7,1964,2
4278,11,6,1964,2
4279,16,5,1964,2
4280,28,4,1964,1
4281,13,3,1964,1
4282,24,4,1964,1
4283,29,2,1964,1
4284,17,4,1964,1
4285,3,4,1964,1
4286,10,4,1964,1
4287,18,7,1964,2
4288,13,5,1964,2
4289,1,5,1965,2
4290,1,6,1965,2
4291,1,8,1965,2
4292,22,1,1965,1
4293,27,12,1965,3
4294,30,4,1965,1
4295,14,5,1965,2
4296,5,6,1965,2
4297,8,7,1965,2
4298,11,6,1965,2
4299,5,11,1965,3
4300,30,7,1965,2
4301,16,7,1965,2
4302,17,8,1965,2
4303,28,4,1965,1
4304,10,6,1965,2
4305,19,2,1965,1
4306,1,10,1965,3
4307,27,3,1965,1
4308,10,4,1965,1
4309,23,4,1965,1
4310,13,3,1965,1
4311,17,7,1965,2
4312,31,7,1965,2
4313,27,2,1965,1
4314,13,5,1965,2
4315,1,5,1966,2
4316,1,6,1966,2
4317,1,8,1966,2
4318,21,1,1966,1
4319,8,4,1966,1
4320,28,5,1966,2
4321,26,12,1966,3
4322,29,4,1966,1
4323,30,4,1966,1
4324,14,5,1966,2
4325,15,7,1966,2
4326,4,12,1966,3
4327,10,6,1966,2
4328,5,11,1966,3
4329,13,5,1966,2
4330,19,5,1966,2
4331,12,11,1966,3
4332,19,3,1966,1
4333,30,9,1966,3
4334,7,5,1966,2
4335,28,4,1966,1
4336,17,4,1966,1
4337,22,4,1966,1
4338,13,8,1966,2
4339,1,5,1967,2
4340,1,6,1967,2
4341,1,8,1967,2
4342,20,1,1967,1
4343,28,5,1967,2
4344,30,4,1967,1
4345,26,12,1967,3
4346,4,5,1967,2
4347,28,4,1967,1
4348,8,6,1967,2
4349,19,5,1967,2
4350,20,7,1967,2
4351,5,5,1967,2
4352,20,5,1967,2
4353,7,6,1967,2
4354,21,9,1967,3
4355,17,6,1967,2
4356,30,11,1967,3
4357,14,7,1967,2
4358,9,6,1967,2
4359,14,4,1967,1
4360,29,9,1967,3
4361,10,11,1967,3
4362,25,2,1967,1
4363,29,4,1967,1
4364,25,3,1967,1
4365,15,4,1967,1
4366,27,5,1967,2
4367,29,12,1990,3
4368,5,1,1991,1
4369,11,1,1991,1
4370,3,2,1991,1
4371,9,2,1991,1
4372,10,2,1991,1
4373,16,2,1991,1
4374,2,3,1991,1
4375,18,3,1991,1
4376,22,3,1991,1
4377,6,4,1991,1
4378,14,4,1991,1
4379,28,4,1991,1
4380,25,5,1991,2
4381,3,6,1991,2
4382,8,6,1991,2
4383,15,6,1991,2
4384,29,6,1991,2
4385,1,7,1991,2
4386,2,9,1991,3
4387,16,9,1991,3
4388,18,11,1991,3
4389,27,1,1992,1
4390,9,3,1992,1
4391,23,3,1992,1
4392,1,6,1992,2
4393,29,6,1992,2
4394,22,8,1992,2
4395,30,8,1992,2
4396,7,9,1992,3
4397,31,10,1992,3
4398,14,11,1992,3
4399,2,1,1993,1
4400,8,1,1993,1
4401,16,1,1993,1
4402,30,1,1993,1
4403,6,2,1993,1
4404,13,2,1993,1
4405,26,2,1993,1
4406,27,2,1993,1
4407,5,3,1993,1
4408,6,3,1993,1
4409,19,3,1993,1
4410,27,3,1993,1
4411,3,4,1993,1
4412,10,4,1993,1
4413,16,4,1993,1
4414,23,4,1993,1
4415,24,4,1993,1
4416,1,5,1993,2
4417,8,5,1993,2
4418,14,5,1993,2
4419,15,5,1993,2
4420,22,5,1993,2
4421,28,5,1993,2
4422,29,5,1993,2
4423,5,6,1993,2
4424,11,6,1993,2
4425,26,6,1993,2
4426,27,6,1993,2
4427,3,7,1993,2
4428,9,7,1993,2
4429,17,7,1993,2
4430,18,7,1993,2
4431,31,7,1993,2
4432,13,8,1993,2
4433,14,8,1993,2
4434,15,8,1993,2
4435,21,8,1993,2
4436,10,9,1993,3
4437,11,9,1993,3
4438,12,9,1993,3
4439,17,9,1993,3
4440,18,9,1993,3
4441,25,9,1993,3
4442,1,10,1993,3
4443,3,10,1993,3
4444,9,10,1993,3
4445,15,10,1993,3
4446,23,10,1993,3
4447,30,10,1993,3
4448,31,10,1993,3
4449,6,11,1993,3
4450,27,11,1993,3
4451,14,1,1994,1
4452,15,1,1994,1
4453,29,1,1994,1
4454,19,2,1994,1
4455,26,2,1994,1
4456,27,2,1994,1
4457,4,3,1994,1
4458,5,3,1994,1
4459,18,3,1994,1
4460,26,3,1994,1
4461,27,3,1994,1
4462,2,4,1994,1
4463,8,4,1994,1
4464,9,4,1994,1
4465,16,4,1994,1
4466,17,4,1994,1
4467,22,4,1994,1
4468,30,4,1994,1
4469,13,5,1994,2
4470,14,5,1994,2
4471,28,5,1994,2
4472,30,5,1994,2
4473,4,6,1994,2
4474,10,6,1994,2
4475,18,6,1994,2
4476,26,6,1994,2
4477,2,7,1994,2
4478,9,7,1994,2
4479,16,7,1994,2
4480,17,7,1994,2
4481,23,7,1994,2
4482,24,7,1994,2
4483,30,7,1994,2
4484,6,8,1994,2
4485,12,8,1994,2
4486,13,8,1994,2
4487,20,8,1994,2
4488,28,8,1994,2
4489,10,9,1994,3
4490,16,9,1994,3
4491,17,9,1994,3
4492,19,9,1994,3
4493,25,9,1994,3
4494,30,9,1994,3
4495,1,10,1994,3
4496,2,10,1994,3
4497,8,10,1994,3
4498,22,10,1994,3
4499,29,10,1994,3
4500,30,10,1994,3
4501,5,11,1994,3
4502,12,11,1994,3
4503,26,11,1994,3
4504,28,11,1994,3
4505,25,12,1994,3
4506,31,12,1994,3
4507,6,1,1995,1
4508,7,1,1995,1
4509,15,1,1995,1
4510,4,2,1995,1
4511,25,2,1995,1
4512,26,2,1995,1
4513,3,3,1995,1
4514,4,3,1995,1
4515,11,3,1995,1
4516,17,3,1995,1
4517,18,3,1995,1
4518,1,4,1995,1
4519,9,4,1995,1
4520,16,4,1995,1
4521,21,4,1995,1
4522,22,4,1995,1
4523,29,4,1995,1
4524,6,5,1995,2
4525,12,5,1995,2
4526,13,5,1995,2
4527,14,5,1995,2
4528,3,6,1995,2
4529,4,6,1995,2
4530,9,6,1995,2
4531,10,6,1995,2
4532,1,7,1995,2
4533,7,7,1995,2
4534,8,7,1995,2
4535,16,7,1995,2
4536,22,7,1995,2
4537,23,7,1995,2
4538,29,7,1995,2
4539,30,7,1995,2
4540,5,8,1995,2
4541,11,8,1995,2
4542,12,8,1995,2
4543,19,8,1995,2
4544,2,9,1995,3
4545,9,9,1995,3
4546,15,9,1995,3
4547,16,9,1995,3
4548,29,9,1995,3
4549,30,9,1995,3
4550,7,10,1995,3
4551,8,10,1995,3
4552,13,10,1995,3
4553,21,10,1995,3
4554,28,10,1995,3
4555,4,11,1995,3
4556,12,11,1995,3
4557,25,11,1995,3
4558,30,12,1995,3
4559,5,1,1996,1
4560,6,1,1996,1
4561,13,1,1996,1
4562,2,2,1996,1
4563,3,2,1996,1
4564,5,2,1996,1
4565,10,2,1996,1
4566,13,2,1996,1
4567,24,2,1996,1
4568,1,3,1996,1
4569,2,3,1996,1
4570,3,3,1996,1
4571,9,3,1996,1
4572,23,3,1996,1
4573,30,3,1996,1
4574,6,4,1996,1
4575,13,4,1996,1
4576,14,4,1996,1
4577,27,4,1996,1
4578,4,5,1996,2
4579,10,5,1996,2
4580,11,5,1996,2
4581,17,5,1996,2
4582,18,5,1996,2
4583,1,6,1996,2
4584,7,6,1996,2
4585,8,6,1996,2
4586,9,6,1996,2
4587,14,6,1996,2
4588,15,6,1996,2
4589,29,6,1996,2
4590,13,7,1996,2
4591,14,7,1996,2
4592,19,7,1996,2
4593,20,7,1996,2
4594,27,7,1996,2
4595,28,7,1996,2
4596,3,8,1996,2
4597,4,8,1996,2
4598,10,8,1996,2
4599,17,8,1996,2
4600,24,8,1996,2
4601,31,8,1996,2
4602,6,9,1996,3
4603,7,9,1996,3
4604,8,9,1996,3
4605,14,9,1996,3
4606,16,9,1996,3
4607,22,9,1996,3
4608,27,9,1996,3
4609,28,9,1996,3
4610,5,10,1996,3
4611,11,10,1996,3
4612,19,10,1996,3
4613,26,10,1996,3
4614,27,10,1996,3
4615,1,11,1996,3
4616,2,11,1996,3
4617,16,11,1996,3
4618,23,11,1996,3
4619,28,12,1996,3
4620,3,1,1997,1
4621,4,1,1997,1
4622,31,1,1997,1
4623,1,2,1997,1
4624,3,2,1997,1
4625,8,2,1997,1
4626,15,2,1997,1
4627,28,2,1997,1
4628,2,3,1997,1
4629,8,3,1997,1
4630,22,3,1997,1
4631,5,4,1997,1
4632,12,4,1997,1
4633,13,4,1997,1
4634,3,5,1997,2
4635,9,5,1997,2
4636,10,5,1997,2
4637,16,5,1997,2
4638,24,5,1997,2
4639,31,5,1997,2
4640,6,6,1997,2
4641,8,6,1997,2
4642,13,6,1997,2
4643,14,6,1997,2
4644,27,6,1997,2
4645,28,6,1997,2
4646,4,7,1997,2
4647,12,7,1997,2
4648,18,7,1997,2
4649,19,7,1997,2
4650,26,7,1997,2
4651,27,7,1997,2
4652,2,8,1997,2
4653,8,8,1997,2
4654,9,8,1997,2
4655,16,8,1997,2
4656,23,8,1997,2
4657,5,9,1997,3
4658,6,9,1997,3
4659,15,9,1997,3
4660,20,9,1997,3
4661,27,9,1997,3
4662,28,9,1997,3
4663,4,10,1997,3
4664,10,10,1997,3
4665,11,10,1997,3
4666,17,10,1997,3
4667,18,10,1997,3
4668,25,10,1997,3
4669,1,11,1997,3
4670,2,11,1997,3
4671,8,11,1997,3
4672,14,11,1997,3
4673,15,11,1997,3
4674,17,11,1997,3
4675,22,11,1997,3
4676,29,12,1997,3
4677,3,1,1998,1
4678,10,1,1998,1
4679,30,1,1998,1
4680,31,1,1998,1
4681,4,2,1998,1
4682,7,2,1998,1
4683,11,2,1998,1
4684,18,2,1998,1
4685,25,2,1998,1
4686,27,2,1998,1
4687,28,2,1998,1
4688,1,3,1998,1
4689,4,3,1998,1
4690,7,3,1998,1
4691,17,3,1998,1
4692,24,3,1998,1
4693,25,3,1998,1
4694,27,3,1998,1
4695,30,3,1998,1
4696,7,4,1998,1
4697,14,4,1998,1
4698,22,4,1998,1
4699,29,4,1998,1
4700,2,5,1998,2
4701,8,5,1998,2
4702,10,5,1998,2
4703,1,6,1998,2
4704,5,6,1998,2
4705,13,6,1998,2
4706,16,6,1998,2
4707,17,6,1998,2
4708,24,6,1998,2
4709,27,6,1998,2
4710,29,6,1998,2
4711,1,7,1998,2
4712,8,7,1998,2
4713,13,7,1998,2
4714,15,7,1998,2
4715,22,7,1998,2
4716,26,7,1998,2
4717,29,7,1998,2
4718,1,8,1998,2
4719,5,8,1998,2
4720,15,8,1998,2
4721,18,8,1998,2
4722,25,8,1998,2
4723,26,8,1998,2
4724,1,9,1998,3
4725,7,9,1998,3
4726,11,9,1998,3
4727,12,9,1998,3
4728,19,9,1998,3
4729,21,9,1998,3
4730,22,9,1998,3
4731,23,9,1998,3
4732,26,9,1998,3
4733,30,9,1998,3
4734,3,10,1998,3
4735,7,10,1998,3
4736,10,10,1998,3
4737,14,10,1998,3
4738,16,10,1998,3
4739,17,10,1998,3
4740,24,10,1998,3
4741,28,10,1998,3
4742,31,10,1998,3
4743,4,11,1998,3
4744,7,11,1998,3
4745,14,11,1998,3
4746,16,11,1998,3
4747,17,11,1998,3
4748,18,11,1998,3
4749,25,11,1998,3
4750,30,11,1998,3
4751,7,12,1998,3
4752,2,1,1999,1
4753,23,1,1999,1
4754,25,1,1999,1
4755,29,1,1999,1
4756,30,1,1999,1
4757,3,2,1999,1
4758,10,2,1999,1
4759,13,2,1999,1
4760,17,2,1999,1
4761,20,2,1999,1
4762,26,2,1999,1
4763,28,2,1999,1
4764,6,3,1999,1
4765,17,3,1999,1
4766,24,3,1999,1
4767,26,3,1999,1
4768,29,3,1999,1
4769,3,4,1999,1
4770,7,4,1999,1
4771,9,4,1999,1
4772,10,4,1999,1
4773,14,4,1999,1
4774,20,4,1999,1
4775,21,4,1999,1
4776,24,4,1999,1
4777,28,4,1999,1
4778,1,5,1999,2
4779,5,5,1999,2
4780,7,5,1999,2
4781,8,5,1999,2
4782,11,5,1999,2
4783,12,5,1999,2
4784,15,5,1999,2
4785,19,5,1999,2
4786,25,5,1999,2
4787,26,5,1999,2
4788,29,5,1999,2
4789,31,5,1999,2
4790,4,6,1999,2
4791,19,6,1999,2
4792,28,6,1999,2
4793,12,7,1999,2
4794,24,7,1999,2
4795,31,7,1999,2
4796,21,8,1999,2
4797,28,8,1999,2
4798,6,9,1999,3
4799,10,9,1999,3
4800,18,9,1999,3
4801,19,9,1999,3
4802,20,9,1999,3
4803,25,9,1999,3
4804,2,10,1999,3
4805,15,10,1999,3
4806,16,10,1999,3
4807,30,10,1999,3
4808,6,11,1999,3
4809,15,11,1999,3
4810,29,11,1999,3
4811,6,12,1999,3
4812,1,1,2000,1
4813,22,1,2000,1
4814,24,1,2000,1
4815,29,1,2000,1
4816,31,1,2000,1
4817,19,2,2000,1
4818,26,2,2000,1
4819,4,3,2000,1
4820,11,3,2000,1
4821,18,3,2000,1
4822,24,3,2000,1
4823,25,3,2000,1
4824,27,3,2000,1
4825,3,4,2000,1
4826,5,6,2000,2
4827,3,7,2000,2
4828,4,9,2000,3
4829,4,12,2000,3
4830,22,1,2001,1
4831,5,2,2001,1
4832,26,3,2001,1
4833,27,3,2001,1
4834,2,4,2001,1
4835,24,4,2001,1
4836,1,5,2001,2
4837,8,5,2001,2
4838,15,5,2001,2
4839,4,6,2001,2
4840,2,7,2001,2
4841,7,8,2001,2
4842,14,8,2001,2
4843,3,9,2001,3
4844,26,9,2001,3
4845,2,10,2001,3
4846,9,10,2001,3
4847,5,11,2001,3
4848,14,11,2001,3
4849,19,11,2001,3
4850,20,11,2001,3
4851,26,11,2001,3
4852,27,11,2001,3
4853,4,12,2001,3
4854,21,1,2002,1
4855,4,2,2002,1
4856,25,3,2002,1
4857,1,4,2002,1
4858,23,4,2002,1
4859,14,5,2002,2
4860,3,6,2002,2
4861,1,7,2002,2
4862,9,7,2002,2
4863,2,9,2002,3
4864,16,9,2002,3
4865,24,9,2002,3
4866,4,11,2002,3
4867,18,11,2002,3
4868,19,11,2002,3
4869,25,11,2002,3
4870,2,12,2002,3
4871,9,12,2002,3
4872,16,12,2002,3
4873,20,1,2003,1
4874,3,2,2003,1
4875,24,3,2003,1
4876,31,3,2003,1
4877,2,6,2003,2
4878,30,6,2003,2
4879,1,9,2003,3
4880,15,9,2003,3
4881,3,11,2003,3
4882,17,11,2003,3
4883,24,11,2003,3
4884,1,12,2003,3
4885,8,12,2003,3
4886,15,12,2003,3
4887,26,1,2004,1
4888,2,2,2004,1
4889,9,3,2004,1
4890,15,3,2004,1
4891,29,3,2004,1
4892,5,4,2004,1
4893,31,5,2004,2
4894,28,6,2004,2
4895,6,9,2004,3
4896,20,9,2004,3
4897,8,11,2004,3
4898,22,11,2004,3
4899,29,11,2004,3
4900,6,12,2004,3
4901,13,12,2004,3
4902,24,1,2005,1
4903,28,2,2005,1
4904,14,3,2005,1
4905,28,3,2005,1
4906,29,3,2005,1
4907,5,4,2005,1
4908,30,5,2005,2
4909,27,6,2005,2
4910,11,7,2005,2
4911,5,9,2005,3
4912,19,9,2005,3
4913,7,11,2005,3
4914,21,11,2005,3
4915,28,11,2005,3
4916,5,12,2005,3
4917,12,12,2005,3
4918,23,1,2006,1
4919,6,2,2006,1
4920,13,3,2006,1
4921,27,3,2006,1
4922,3,4,2006,1
4923,5,6,2006,2
4924,3,7,2006,2
4925,4,9,2006,3
4926,18,9,2006,3
4927,6,11,2006,3
4928,20,11,2006,3
4929,27,11,2006,3
4930,4,12,2006,3
4931,18,12,2006,3
4932,25,12,2006,3
4933,22,1,2007,1
4934,5,2,2007,1
4935,12,3,2007,1
4936,26,3,2007,1
4937,2,4,2007,1
4938,16,4,2007,1
4939,21,5,2007,2
4940,4,6,2007,2
4941,2,7,2007,2
4942,6,8,2007,2
4943,20,8,2007,2
4944,3,9,2007,3
4945,17,9,2007,3
4946,29,10,2007,3
4947,5,11,2007,3
4948,19,11,2007,3
4949,26,11,2007,3
4950,3,12,2007,3
4951,10,12,2007,3
4952,17,12,2007,3
4953,21,1,2008,1
4954,4,2,2008,1
4955,10,3,2008,1
4956,17,3,2008,1
4957,24,3,2008,1
4958,31,3,2008,1
4959,7,4,2008,1
4960,21,4,2008,1
4961,12,5,2008,2
4962,19,5,2008,2
4963,26,5,2008,2
4964,2,6,2008,2
4965,30,6,2008,2
4966,18,8,2008,2
4967,1,9,2008,3
4968,15,9,2008,3
4969,13,10,2008,3
4970,27,10,2008,3
4971,3,11,2008,3
4972,10,11,2008,3
4973,17,11,2008,3
4974,24,11,2008,3
4975,1,12,2008,3
4976,8,12,2008,3
4977,15,12,2008,3
4978,22,12,2008,3
4979,29,12,2008,3
4980,26,1,2009,1
4981,2,3,2009,1
4982,9,3,2009,1
4983,16,3,2009,1
4984,23,3,2009,1
4985,30,3,2009,1
4986,13,4,2009,1
4987,11,5,2009,2
4988,18,5,2009,2
4989,1,6,2009,2
4990,15,6,2009,2
4991,29,6,2009,2
4992,20,7,2009,2
4993,3,8,2009,2
4994,17,8,2009,2
4995,24,8,2009,2
4996,7,9,2009,3
4997,14,9,2009,3
4998,12,10,2009,3
4999,9,11,2009,3
5000,16,11,2009,3
5001,23,11,2009,3
5002,30,11,2009,3
5003,7,12,2009,3
5004,21,12,2009,3
5005,28,12,2009,3
5006,25,1,2010,1
5007,1,3,2010,1
5008,8,3,2010,1
5009,15,3,2010,1
5010,22,3,2010,1
5011,29,3,2010,1
5012,12,4,2010,1
5013,26,4,2010,1
5014,10,5,2010,2
5015,17,5,2010,2
5016,31,5,2010,2
5017,14,6,2010,2
5018,28,6,2010,2
5019,2,8,2010,2
5020,16,8,2010,2
5021,23,8,2010,2
5022,6,9,2010,3
5023,13,9,2010,3
5024,11,10,2010,3
5025,8,11,2010,3
5026,15,11,2010,3
5027,22,11,2010,3
5028,29,11,2010,3
5029,6,12,2010,3
5030,13,12,2010,3
5031,20,12,2010,3
5032,27,12,2010,3
5033,24,1,2011,1
5034,28,2,2011,1
5035,7,3,2011,1
5036,14,3,2011,1
5037,21,3,2011,1
5038,28,3,2011,1
5039,11,4,2011,1
5040,2,5,2011,2
5041,9,5,2011,2
5042,16,5,2011,2
5043,23,5,2011,2
5044,30,5,2011,2
5045,13,6,2011,2
5046,27,6,2011,2
5047,1,8,2011,2
5048,15,8,2011,2
5049,22,8,2011,2
5050,5,9,2011,3
5051,12,9,2011,3
5052,10,10,2011,3
5053,14,11,2011,3
5054,21,11,2011,3
5055,28,11,2011,3
5056,5,12,2011,3
5057,12,12,2011,3
5058,19,12,2011,3
5059,23,1,2012,1
5060,6,2,2012,1
5061,5,3,2012,1
5062,12,3,2012,1
5063,19,3,2012,1
5064,26,3,2012,1
5065,2,4,2012,1
5066,16,4,2012,1
5067,7,5,2012,2
5068,14,5,2012,2
5069,28,5,2012,2
5070,4,6,2012,2
5071,2,7,2012,2
5072,13,8,2012,2
5073,20,8,2012,2
5074,3,9,2012,3
5075,10,9,2012,3
5076,8,10,2012,3
5077,12,11,2012,3
5078,19,11,2012,3
5079,26,11,2012,3
5080,3,12,2012,3
5081,10,12,2012,3
5082,17,12,2012,3
5083,24,12,2012,3
5084,21,1,2013,1
5085,28,1,2013,1
5086,4,3,2013,1
5087,11,3,2013,1
5088,18,3,2013,1
5089,25,3,2013,1
5090,1,4,2013,1
5091,15,4,2013,1
5092,6,5,2013,2
5093,13,5,2013,2
5094,20,5,2013,2
5095,3,6,2013,2
5096,1,7,2013,2
5097,12,8,2013,2
5098,19,8,2013,2
5099,2,9,2013,3
5100,9,9,2013,3
5101,11,11,2013,3
5102,18,11,2013,3
5103,25,11,2013,3
5104,2,12,2013,3
5105,9,12,2013,3
5106,16,12,2013,3
5107,23,12,2013,3
5108,20,1,2014,1
5109,3,3,2014,1
5110,10,3,2014,1
5111,17,3,2014,1
5112,24,3,2014,1
5113,31,3,2014,1
5114,14,4,2014,1
5115,5,5,2014,2
5116,12,5,2014,2
5117,19,5,2014,2
5118,2,6,2014,2
5119,30,6,2014,2
5120,11,8,2014,2
5121,18,8,2014,2
5122,1,9,2014,3
5123,8,9,2014,3
5124,6,10,2014,3
5125,3,11,2014,3
5126,10,11,2014,3
5127,17,11,2014,3
5128,24,11,2014,3
5129,1,12,2014,3
5130,8,12,2014,3
5131,15,12,2014,3
5132,22,12,2014,3
5133,26,1,2015,1
5134,2,3,2015,1
5135,9,3,2015,1
5136,16,3,2015,1
5137,23,3,2015,1
5138,30,3,2015,1
5139,13,4,2015,1
5140,4,5,2015,2
5141,11,5,2015,2
5142,18,5,2015,2
5143,25,5,2015,2
5144,1,6,2015,2
5145,22,6,2015,2
5146,6,7,2015,2
5147,17,8,2015,2
5148,24,8,2015,2
5149,7,9,2015,3
5150,14,9,2015,3
5151,12,10,2015,3
5152,9,11,2015,3
5153,16,11,2015,3
5154,23,11,2015,3
5155,30,11,2015,3
5156,7,12,2015,3
5157,14,12,2015,3
5158,25,1,2016,1
5159,29,2,2016,1
5160,14,3,2016,1
5161,28,3,2016,1
5162,30,5,2016,2
5163,4,7,2016,2
5164,5,9,2016,3
5165,12,9,2016,3
5166,7,11,2016,3
5167,21,11,2016,3
5168,28,11,2016,3
5169,5,12,2016,3
5170,12,12,2016,3
5171,19,12,2016,3
5172,23,1,2017,1
5173,30,1,2017,1
5174,13,3,2017,1
5175,27,3,2017,1
5176,3,4,2017,1
5177,5,6,2017,2
5178,10,7,2017,2
5179,4,9,2017,3
5180,11,9,2017,3
5181,20,11,2017,3
5182,27,11,2017,3
5183,4,12,2017,3
5184,22,1,2018,1
5185,29,1,2018,1
5186,12,3,2018,1
5187,26,3,2018,1
5188,2,4,2018,1
5189,4,6,2018,2
5190,9,7,2018,2
5191,3,9,2018,3
5192,10,9,2018,3
5193,19,11,2018,3
5194,26,11,2018,3
5195,3,12,2018,3
5196,10,12,2018,3
5197,17,12,2018,3
5198,24,12,2018,3
5199,21,1,2019,1
5200,28,1,2019,1
5201,11,3,2019,1
5202,25,3,2019,1
5203,1,4,2019,1
5204,3,6,2019,2
5205,8,7,2019,2
5206,9,9,2019,3
5207,25,11,2019,3
5208,2,9,2019,3
5209,4,11,2019,3
5210,2,12,2019,3
5211,9,12,2019,3
5212,30,12,2019,3
5213,16,12,2019,3
5214,2,3,2020,1
5215,9,3,2020,1
5216,30,11,2020,3
5217,7,12,2020,3
5218,27,1,2020,1
5219,5,10,2020,3
5220,23,11,2020,3
5221,14,12,2020,3
5222,21,12,2020,3
5223,28,12,2020,3
5224,11,1,2021,1
5225,29,3,2021,1
5226,22,11,2021,3
5227,6,12,2021,3
5228,6,9,2021,3
5229,5,7,2021,2
5230,11,10,2021,3
5231,13,9,2021,3
5232,18,1,2021,1
5233,25,1,2021,1
5234,15,2,2021,1
5235,13,12,2021,3
5236,20,12,2021,3
5237,27,12,2021,3
5238,28,3,2022,1
5239,28,2,2022,1
5240,12,9,2022,3
5241,21,11,2022,3
5242,30,5,2022,2
5243,28,11,2022,3
5244,4,7,2022,2
5245,14,3,2022,1
5246,24,1,2022,1
5247,5,12,2022,3
5248,12,12,2022,3
5249,19,12,2022,3
5250,5,9,2022,3
5251,26,12,2022,3
5252,4,9,2023,3
5253,13,3,2023,1
5254,11,9,2023,3
5255,18,9,2023,3
5256,9,10,2023,3
5257,20,11,2023,3
5258,15,5,2023,2
5259,5,6,2023,2
5260,4,12,2023,3
5261,11,12,2023,3
5262,10,7,2023,2
5263,1,5,2023,2
5264,23,1,2023,1
5265,30,1,2023,1
5266,27,3,2023,1
5267,18,12,2023,3
5268,25,12,2023,3
5269,18,11,2024,3
5270,25,11,2024,3
5271,25,3,2024,1
5272,13,5,2024,2
5273,2,9,2024,3
5274,9,9,2024,3
5275,11,3,2024,1
5276,16,9,2024,3
5277,30,9,2024,3
5278,7,10,2024,3
5279,3,6,2024,2
5280,8,7,2024,2
5281,2,12,2024,3
5282,23,9,2024,3
5283,29,4,2024,1
5284,9,12,2024,3
5285,22,1,2024,1
5286,16,12,2024,3
5287,8,1,1978,1
5288,25,6,1978,2
5289,2,7,1978,2
5290,9,7,1978,2
5291,16,7,1978,2
5292,13,8,1978,2
5293,1,10,1978,3
5294,15,10,1978,3
5295,30,4,1979,1
5296,4,6,1979,2
5297,2,7,1979,2
5298,7,8,1979,2
5299,14,8,1979,2
5300,15,8,1979,2
5301,21,8,1979,2
5302,16,9,1979,3
5303,2,10,1979,3
5304,3,12,1979,3
5305,2,4,1980,1
5306,9,4,1980,1
5307,25,4,1980,1
5308,6,5,1980,2
5309,30,6,1980,2
5310,25,8,1980,2
5311,1,9,1980,3
5312,15,9,1980,3
5313,24,9,1980,3
5314,1,12,1980,3
5315,12,1,1981,1
5316,27,4,1981,1
5317,6,5,1981,2
5318,1,6,1981,2
5319,30,6,1981,2
5320,27,7,1981,2
5321,23,8,1981,2
5322,24,8,1981,2
5323,7,9,1981,3
5324,30,11,1981,3
5325,6,12,1981,3
5326,1,3,1982,1
5327,4,4,1982,1
5328,7,4,1982,1
5329,14,4,1982,1
5330,21,4,1982,1
5331,29,4,1982,1
5332,31,5,1982,2
5333,29,6,1982,2
5334,2,8,1982,2
5335,8,8,1982,2
5336,15,8,1982,2
5337,23,8,1982,2
5338,6,9,1982,3
5339,21,9,1982,3
5340,3,1,1983,1
5341,9,4,1983,1
5342,30,5,1983,2
5343,27,6,1983,2
5344,22,8,1983,2
5345,5,9,1983,3
5346,22,10,1983,3
5347,2,1,1984,1
5348,16,1,1984,1
5349,29,2,1984,1
5350,30,4,1984,1
5351,4,6,1984,2
5352,2,7,1984,2
5353,3,9,1984,3
5354,14,1,1985,1
5355,11,2,1985,1
5356,4,3,1985,1
5357,3,6,1985,2
5358,1,7,1985,2
5359,29,7,1985,2
5360,2,9,1985,3
5361,28,10,1985,3
5362,2,12,1985,3
5363,20,1,1986,1
5364,17,2,1986,1
5365,3,3,1986,1
5366,2,6,1986,2
5367,30,6,1986,2
5368,14,7,1986,2
5369,1,9,1986,3
5370,29,10,1986,3
5371,19,1,1987,1
5372,9,3,1987,1
5373,1,6,1987,2
5374,29,6,1987,2
5375,31,8,1987,2
5376,7,9,1987,3
5377,18,11,1987,3
5378,30,11,1987,3
5379,7,12,1987,3
5380,14,12,1987,3
5381,21,12,1987,3
5382,18,1,1988,1
5383,21,3,1988,1
5384,29,3,1988,1
5385,4,4,1988,1
5386,27,4,1988,1
5387,30,5,1988,2
5388,27,6,1988,2
5389,5,9,1988,3
5390,9,11,1988,3
5391,28,11,1988,3
5392,5,12,1988,3
5393,12,12,1988,3
5394,27,3,1989,1
5395,3,4,1989,1
5396,26,4,1989,1
5397,5,6,1989,2
5398,3,7,1989,2
5399,9,8,1989,2
5400,4,9,1989,3
5401,1,11,1989,3
5402,22,11,1989,3
5403,27,11,1989,3
5404,4,12,1989,3
5405,22,1,1990,1
5406,12,3,1990,1
5407,26,3,1990,1
5408,2,7,1990,2
5409,3,9,1990,3
5410,17,9,1990,3
5411,26,11,1990,3
5412,3,12,1990,3
5413,17,12,1990,3
5414,21,1,1991,1
5415,28,1,1991,1
5416,11,3,1991,1
5417,25,3,1991,1
5418,11,11,1991,3
5419,25,11,1991,3
5420,9,12,1991,3
5421,16,12,1991,3
5422,20,1,1992,1
5423,9,8,1992,2
5424,21,9,1992,3
5425,23,11,1992,3
5426,30,11,1992,3
5427,7,12,1992,3
5428,14,12,1992,3
5429,25,1,1993,1
5430,22,3,1993,1
5431,31,5,1993,2
5432,28,6,1993,2
5433,12,7,1993,2
5434,6,9,1993,3
5435,20,9,1993,3
5436,22,11,1993,3
5437,29,11,1993,3
5438,6,12,1993,3
5439,13,12,1993,3
5440,24,1,1994,1
5441,21,3,1994,1
5442,27,6,1994,2
5443,11,7,1994,2
5444,5,9,1994,3
5445,14,11,1994,3
5446,21,11,1994,3
5447,5,12,1994,3
5448,12,12,1994,3
5449,23,1,1995,1
5450,30,1,1995,1
5451,5,6,1995,2
5452,3,7,1995,2
5453,4,9,1995,3
5454,18,9,1995,3
5455,13,11,1995,3
5456,20,11,1995,3
5457,27,11,1995,3
5458,11,12,1995,3
5459,22,1,1996,1
5460,1,4,1996,1
5461,3,6,1996,2
5462,1,7,1996,2
5463,2,9,1996,3
5464,11,11,1996,3
5465,18,11,1996,3
5466,25,11,1996,3
5467,2,12,1996,3
5468,9,12,1996,3
5469,20,1,1997,1
5470,31,3,1997,1
5471,3,6,1997,2
5472,30,6,1997,2
5473,1,9,1997,3
5474,24,11,1997,3
5475,1,12,1997,3
5476,8,12,1997,3
5477,26,1,1998,1
5478,21,12,1998,3
5479,28,12,1998,3
5480,3,12,2001,3
5481,29,12,2003,3
5482,26,12,2005,3
5483,27,1,2009,1
5484,13,3,2010,1
5485,17,7,2011,2
5486,5,6,2012,2
5487,4,9,2012,3
5488,24,1,2012,1
5489,27,3,2012,1
5490,27,11,2012,3
5491,13,3,2012,1
5492,3,7,2012,2
5493,4,6,2013,2
5494,3,9,2013,3
5495,26,3,2013,1
5496,22,1,2013,1
5497,11,6,2013,2
5498,3,6,2014,2
5499,2,9,2014,3
5500,4,11,2014,3
5501,25,3,2014,1
5502,8,9,2015,3
5503,31,3,2015,1
5504,7,7,2015,2
5505,10,11,2015,3
5506,2,6,2015,2
5507,27,1,2015,1
5508,17,3,2015,1
5509,17,8,2020,2
5510,7,2,2021,1
5511,29,8,2021,2
5512,10,1,2021,1
5513,24,1,2021,1
5514,17,1,2021,1
5515,31,1,2021,1
5516,14,2,2021,1
5517,6,11,2022,3
5518,12,3,2023,1
5519,19,3,2023,1
5520,1,1,2023,1
5521,16,4,2023,1
5522,24,9,2024,3
